34937;# doc = travelling.2.txt;;;;;;;;;;;;;;;;
34938;# speaker = Марина;;;;;;;;;;;;;;;;
34939;# sent = 2618;;;;;;;;;;;;;;;;
34940;;Э;Э-Э;INTJ;;;   _Э_ , вспомни ,;э;;;;;;INTJ;Э;S - - nonflex -;Э
34941;;,;,;PUNCT;;;;;;;;;;PUNCT;;;
34942;;вспомни;ВСПОМНИТЬ;V pf - sg imper - 2p;;; Э , _вспомни_ , в каких;и;н;м;о;п;с;V;ВСПОМНИТЬ;V pf - sg imper - 2p;Ь
34943;;,;,;PUNCT;;;;;;;;;;PUNCT;;;
34944;;в;В;PR;;;, вспомни , _в_ каких  гродах;в;;;;;;PR;В;PR;В
34945;;каких;КАКОЙ;APRO - loc pl plen - -;;;вспомни , в _каких_  гродах ;х;и;к;а;к;;APRO;КАКОЙ;A - gen pl plen - -;Й
34946;"<distinct form=""";;;;;;;;;;;;;;;;
34947;<dist>;гродах;;;;;;;;;;;;;;;
34948;""">";;;;;;;;;;;;;;;;
34949;;городах;ГОРОД;S m inan loc pl;;; гродах  _городах_  и странах;х;а;д;о;р;о;S;ГОРОД;S m inan loc pl;Д
34950;</distinct>;;;;;;;;;;;;;;;;
34951;;и;И;CONJ;;; городах  _и_ странах ты была;и;;;;;;CONJ;И;CONJ;И
34952;;странах;СТРАНА;S f inan loc pl;;;городах  и _странах_ ты была ,;х;а;н;а;р;т;S;СТРАНА;S f inan loc pl;А
34953;;ты;ТЫ;SPRO sg 2p - nom;;; и странах _ты_ была , ;ы;т;;;;;SPRO;ТЫ;SPRO sg 2p - nom;Ы
34954;;была;БЫТЬ;V ipf praet sg indic f -;;;и странах ты _была_ ,  иии;а;л;ы;б;;;V;БЫТЬ;V ipf praet sg indic f -;Ь
34955;;,;,;PUNCT;;;;;;;;;;PUNCT;;;
34956;"<distinct form=""";;;;;;;;;;;;;;;;
34957;<dist>;иии;;;;;;;;;;;;;;;
34958;""">";;;;;;;;;;;;;;;;
34959;;и;И;CONJ;;; иии  _и_  расскажи о;и;;;;;;CONJ;И;CONJ;И
34960;</distinct>;;;;;;;;;;;;;;;;
34961;;расскажи;РАССКАЗАТЬ;V pf - sg imper - 2p;;; и  _расскажи_ о тех ,;и;ж;а;к;с;с;V;РАССКАЗАТЬ;V pf - sg imper - 2p;Ь
34962;;о;О;PR;;;и  расскажи _о_ тех , в;о;;;;;;PR;О;PR;О
34963;;тех;ТОТ;APRO - loc pl plen - -;;; расскажи о _тех_ , в которых;х;е;т;;;;SPRO;ТОТ;A - gen pl plen - -;Т
34964;;,;,;PUNCT;;;;;;;;;;PUNCT;;;
34965;;в;В;PR;;;о тех , _в_ которых тебе больше;в;;;;;;PR;В;PR;В
34966;;которых;КОТОРЫЙ;APRO - loc pl plen - -;;;тех , в _которых_ тебе больше всего;х;ы;р;о;т;о;APRO;КОТОРЫЙ;A - gen pl plen - -;Й
34967;;тебе;ТЫ;SPRO sg 2p - dat;;;, в которых _тебе_ больше всего понравилось;е;б;е;т;;;SPRO;ТЫ;SPRO sg 2p - dat;Ы
34968;;больше;МНОГО;ADV comp;;;в которых тебе _больше_ всего понравилось .;е;ш;ь;л;о;б;ADV;МНОГО;ADV comp;О
34969;;всего;ВСЕ;S n inan gen sg;;;которых тебе больше _всего_ понравилось . ;о;г;е;с;в;;S;ВСЕ;S n inan gen sg;Е
34970;;понравилось;ПОНРАВИТЬСЯ;V pf praet sg indic n -;;;тебе больше всего _понравилось_ .  ;ь;с;о;л;и;в;V;ПОНРАВИТЬСЯ;V pf praet sg indic n -;Я
34971;;.;.;PUNCT;;;;;;;;;;PUNCT;;;
34972;;;;;;;;;;;;;;;;;
34973;# sent = 2619;;;;;;;;;;;;;;;;
34974;# speaker = Алёна;;;;;;;;;;;;;;;;
34975;# sent = 2620;;;;;;;;;;;;;;;;
34976;;А;А;CONJ;;;   _А_ была , когда;а;;;;;;CONJ;А;CONJ;А
34977;;была;БЫТЬ;V ipf praet sg indic f -;;;  А _была_ , когда я;а;л;ы;б;;;V;БЫТЬ;V ipf praet sg indic f -;Ь
34978;;,;,;PUNCT;;;;;;;;;;PUNCT;;;
34979;;когда;КОГДА;CONJ;;;А была , _когда_ я была взрослой;а;д;г;о;к;;CONJ;КОГДА;CONJ;А
34980;;я;Я;SPRO sg 1p - nom;;;была , когда _я_ была взрослой или;я;;;;;;SPRO;Я;SPRO sg 1p - nom;Я
34981;;была;БЫТЬ;V ipf praet sg indic f -;;;, когда я _была_ взрослой или когда;а;л;ы;б;;;V;БЫТЬ;V ipf praet sg indic f -;Ь
34982;;взрослой;ВЗРОСЛЫЙ;A - ins sg plen f -;;;когда я была _взрослой_ или когда я;й;о;л;с;о;р;A;ВЗРОСЛЫЙ;A - ins sg plen f -;Й
34983;;или;ИЛИ;CONJ;;;я была взрослой _или_ когда я была;и;л;и;;;;CONJ;ИЛИ;CONJ;И
34984;;когда;КОГДА;CONJ;;;была взрослой или _когда_ я была маленькой;а;д;г;о;к;;CONJ;КОГДА;CONJ;А
34985;;я;Я;SPRO sg 1p - nom;;;взрослой или когда _я_ была маленькой ?;я;;;;;;SPRO;Я;SPRO sg 1p - nom;Я
34986;;была;БЫТЬ;V ipf praet sg indic f -;;;или когда я _была_ маленькой ? ;а;л;ы;б;;;V;БЫТЬ;V ipf praet sg indic f -;Ь
34987;;маленькой;МАЛЕНЬКИЙ;A - ins sg plen f -;;;когда я была _маленькой_ ?  ;й;о;к;ь;н;е;A;МАЛЕНЬКИЙ;A - ins sg plen f -;Й
34988;;?;?;PUNCT;;;;;;;;;;PUNCT;;;
34989;;;;;;;;;;;;;;;;;
34990;# sent = 2621;;;;;;;;;;;;;;;;
34991;;Или;ИЛИ;CONJ;;;?   _Или_ вообще ? ;и;л;и;;;;CONJ;ИЛИ;CONJ;И
34992;;вообще;ВООБЩЕ;ADV -;;;  Или _вообще_ ?  ;е;щ;б;о;о;в;ADV;ВООБЩЕ;ADV -;Е
34993;;?;?;PUNCT;;;;;;;;;;PUNCT;;;
34994;;;;;;;;;;;;;;;;;
34995;# sent = 2622;;;;;;;;;;;;;;;;
34996;# speaker = Марина;;;;;;;;;;;;;;;;
34997;# sent = 2623;;;;;;;;;;;;;;;;
34998;;Вообще;ВООБЩЕ;ADV -;;;   _Вообще_ .  ;е;щ;б;о;о;в;ADV;ВООБЩЕ;ADV -;Е
34999;;.;.;PUNCT;;;;;;;;;;PUNCT;;;
35000;;;;;;;;;;;;;;;;;
35001;# sent = 2624;;;;;;;;;;;;;;;;
35002;# speaker = Алёна;;;;;;;;;;;;;;;;
35003;# sent = 2625;;;;;;;;;;;;;;;;
35004;;Вообще;ВООБЩЕ;ADV -;;;   _Вообще_ ? .. ;е;щ;б;о;о;в;ADV;ВООБЩЕ;ADV -;Е
35005;;?;?..;PUNCT;;;;;;;;;;PUNCT;;;
35006;;..;..;PUNCT;;;;;;;;;;PUNCT;;;
35007;;;;;;;;;;;;;;;;;
35008;# sent = 2626;;;;;;;;;;;;;;;;
35009;;Э;Э-Э;INTJ;;;..   _Э_ ,  вообщеее;э;;;;;;INTJ;Э;S - - nonflex -;Э
35010;;,;,;PUNCT;;;;;;;;;;PUNCT;;;
35011;"<distinct form=""";;;;;;;;;;;;;;;;
35012;<dist>;вообщеее;;;;;;;;;;;;;;;
35013;""">";;;;;;;;;;;;;;;;
35014;;вообще;ВООБЩЕ;ADV -;;; вообщеее  _вообще_  ... самое;е;щ;б;о;о;в;ADV;ВООБЩЕ;ADV -;Е
35015;</distinct>;;;;;;;;;;;;;;;;
35016;;...;...;PUNCT;;;;;;;;;;PUNCT;;;
35017;;самое;САМЫЙ;APRO - nom sg plen n -;;;вообще  ... _самое_ , ээ ,;е;о;м;а;с;;A;САМЫЙ;A - nom sg plen n -;Й
35018;;,;,;PUNCT;;;;;;;;;;PUNCT;;;
35019;;ээ;Э-Э;INTJ;;;... самое , _ээ_ , интересное воспоминание;э;э;;;;;NONLEX;ЭЭ;NONLEX;Э
35020;;,;,;PUNCT;;;;;;;;;;PUNCT;;;
35021;;интересное;ИНТЕРЕСНЫЙ;A - nom sg plen n -;;;, ээ , _интересное_ воспоминание у меня;е;о;н;с;е;р;A;ИНТЕРЕСНЫЙ;A - nom sg plen n -;Й
35022;;воспоминание;ВОСПОМИНАНИЕ;S n inan nom sg;;;ээ , интересное _воспоминание_ у меня о;е;и;н;а;н;и;S;ВОСПОМИНАНИЕ;S n inan nom sg;Е
35023;;у;У;PR;;;, интересное воспоминание _у_ меня о Сахалине;у;;;;;;PR;У;PR;У
35024;;меня;Я;SPRO sg 1p - gen;;;интересное воспоминание у _меня_ о Сахалине .;я;н;е;м;;;SPRO;Я;SPRO sg 1p - acc;Я
35025;;о;О;PR;;;воспоминание у меня _о_ Сахалине . ;о;;;;;;PR;О;PR;О
35026;;Сахалине;САХАЛИН;S m inan loc sg;;;у меня о _Сахалине_ .  ;е;н;и;л;а;х;S;САХАЛИН;S m inan loc sg;Н
35027;;.;.;PUNCT;;;;;;;;;;PUNCT;;;
35028;;;;;;;;;;;;;;;;;
35029;# sent = 2627;;;;;;;;;;;;;;;;
35030;;Я;Я;SPRO sg 1p - nom;;;.   _Я_ туда ехала с;я;;;;;;SPRO;Я;SPRO sg 1p - nom;Я
35031;;туда;ТУДА;ADV -;;;  Я _туда_ ехала с родителями;а;д;у;т;;;ADV;ТУДА;ADV -;А
35032;;ехала;ЕХАТЬ;V ipf praet sg indic f -;;; Я туда _ехала_ с родителями ,;а;л;а;х;е;;V;ЕХАТЬ;V ipf praet sg indic f -;Ь
35033;;с;С;PR;;;Я туда ехала _с_ родителями , когда;с;;;;;;PR;С;PR;С
35034;;родителями;РОДИТЕЛЬ;S m anim ins pl;;;туда ехала с _родителями_ , когда мне;и;м;я;л;е;т;S;РОДИТЕЛЬ;S m anim ins pl;Ь
35035;;,;,;PUNCT;;;;;;;;;;PUNCT;;;
35036;;когда;КОГДА;CONJ;;;с родителями , _когда_ мне было четыре;а;д;г;о;к;;CONJ;КОГДА;CONJ;А
35037;;мне;Я;SPRO sg 1p - dat;;;родителями , когда _мне_ было четыре года;е;н;м;;;;SPRO;Я;SPRO sg 1p - dat;Я
35038;;было;БЫТЬ;V ipf praet sg indic n -;;;, когда мне _было_ четыре года ,;о;л;ы;б;;;V;БЫТЬ;V ipf praet sg indic n -;Ь
35039;;четыре;ЧЕТЫРЕ;NUM nom - -;;;когда мне было _четыре_ года , ну;е;р;ы;т;е;ч;NUM;ЧЕТЫРЕ;NUM nom - -;Е
35040;;года;ГОД;S m inan gen sg;;;мне было четыре _года_ , ну почти;а;д;о;г;;;S;ГОД;S m inan gen sg;Д
35041;;,;,;PUNCT;;;;;;;;;;PUNCT;;;
35042;;ну;НУ;PART;;;четыре года , _ну_ почти пять .;у;н;;;;;PART;НУ;PART;У
35043;;почти;ПОЧТИ;ADV -;;;года , ну _почти_ пять . ;и;т;ч;о;п;;ADV;ПОЧТИ;ADV -;И
35044;;пять;ПЯТЬ;NUM nom - -;;;, ну почти _пять_ .  ;ь;т;я;п;;;NUM;ПЯТЬ;NUM acc - -;Ь
35045;;.;.;PUNCT;;;;;;;;;;PUNCT;;;
35046;;;;;;;;;;;;;;;;;
35047;# sent = 2628;;;;;;;;;;;;;;;;
35048;;Я;Я;SPRO sg 1p - nom;;;.   _Я_ очень боялась туда;я;;;;;;SPRO;Я;SPRO sg 1p - nom;Я
35049;;очень;ОЧЕНЬ;ADV -;;;  Я _очень_ боялась туда ехать;ь;н;е;ч;о;;ADV;ОЧЕНЬ;ADV -;Ь
35050;;боялась;БОЯТЬСЯ;V ipf praet sg indic f -;;; Я очень _боялась_ туда ехать ,;ь;с;а;л;я;о;V;БОЯТЬСЯ;V ipf praet sg indic f -;Я
35051;;туда;ТУДА;ADV -;;;Я очень боялась _туда_ ехать , потому что;а;д;у;т;;;ADV;ТУДА;ADV -;А
35052;;ехать;ЕХАТЬ;V ipf - - inf - -;;;очень боялась туда _ехать_ , потому что родители;ь;т;а;х;е;;V;ЕХАТЬ;V ipf - - inf - -;Ь
35053;;,;,;PUNCT;;;;;;;;;;PUNCT;;;
35054;;потому что;потому что;CONJ;;;туда ехать , _потому что_ родители объяснили мне;о;т;ч; ;у;м;CONJ;потому что;CONJ;о
35055;;родители;РОДИТЕЛЬ;S m anim nom pl;;;ехать , потому что _родители_ объяснили мне ,;и;л;е;т;и;д;S;РОДИТЕЛЬ;S m anim nom pl;Ь
35056;;объяснили;ОБЪЯСНИТЬ;V pf praet pl indic - -;;;, потому что родители _объяснили_ мне , что;и;л;и;н;с;я;V;ОБЪЯСНИТЬ;V pf praet pl indic - -;Ь
35057;;мне;Я;SPRO sg 1p - dat;;;потому что родители объяснили _мне_ , что это;е;н;м;;;;SPRO;Я;SPRO sg 1p - dat;Я
35058;;,;,;PUNCT;;;;;;;;;;PUNCT;;;
35059;;что;ЧТО;CONJ;;;объяснили мне , _что_ это остров ,;о;т;ч;;;;CONJ;ЧТО;CONJ;О
35060;;это;ЭТО;SPRO n - nom sg;;;мне , что _это_ остров , и;о;т;э;;;;SPRO;ЭТО;S n - nom sg;О
35061;;остров;ОСТРОВ;S m inan nom sg;;;, что это _остров_ , и в;в;о;р;т;с;о;S;ОСТРОВ;S m inan nom sg;В
35062;;,;,;PUNCT;;;;;;;;;;PUNCT;;;
35063;;и;И;CONJ;;;это остров , _и_ в моём понимании;и;;;;;;CONJ;И;CONJ;И
35064;;в;В;PR;;;остров , и _в_ моём понимании остров;в;;;;;;PR;В;PR;В
35065;;моём;МОЙ;APRO - loc sg plen n -;;;, и в _моём_ понимании остров ...;м;ё;о;м;;;APRO;МОЙ;A - loc sg plen n -;Й
35066;;понимании;ПОНИМАНИЕ;S n inan loc sg;;;и в моём _понимании_ остров ... эээ;и;и;н;а;м;и;S;ПОНИМАНИЕ;S n inan loc sg;Е
35067;;остров;ОСТРОВ;S m inan nom sg;;;в моём понимании _остров_ ... эээ ...;в;о;р;т;с;о;S;ОСТРОВ;S m inan acc sg;В
35068;;...;...;PUNCT;;;;;;;;;;PUNCT;;;
35069;;эээ;Э-Э;INTJ;;;понимании остров ... _эээ_ ... а они;э;э;э;;;;NONLEX;ЭЭЭ;NONLEX;Э
35070;;...;...;PUNCT;;;;;;;;;;PUNCT;;;
35071;;а;А;CONJ;;;... эээ ... _а_ они мне ,;а;;;;;;CONJ;А;CONJ;А
35072;;они;ОНИ;SPRO pl 3p - nom;;;эээ ... а _они_ мне , наверное;и;н;о;;;;SPRO;ОНИ;SPRO pl - - nom;И
35073;;мне;Я;SPRO sg 1p - dat;;;... а они _мне_ , наверное ,;е;н;м;;;;SPRO;Я;SPRO sg 1p - dat;Я
35074;;,;,;PUNCT;;;;;;;;;;PUNCT;;;
35075;;наверное;НАВЕРНОЕ;PARENTH  -;;;они мне , _наверное_ , объяснили ,;е;о;н;р;е;в;ADV;НАВЕРНОЕ;ADV -;Е
35076;;,;,;PUNCT;;;;;;;;;;PUNCT;;;
35077;;объяснили;ОБЪЯСНИТЬ;V pf praet pl indic - 3p;;;, наверное , _объяснили_ , что остров;и;л;и;н;с;я;V;ОБЪЯСНИТЬ;V pf praet pl indic - -;Ь
35078;;,;,;PUNCT;;;;;;;;;;PUNCT;;;
35079;;что;ЧТО;CONJ;;;, объяснили , _что_ остров омывается со;о;т;ч;;;;CONJ;ЧТО;CONJ;О
35080;;остров;ОСТРОВ;S m inan nom sg;;;объяснили , что _остров_ омывается со всех;в;о;р;т;с;о;S;ОСТРОВ;S m inan nom sg;В
35081;;омывается;ОМЫВАТЬСЯ;V ipf praes sg indic - 3p;;;, что остров _омывается_ со всех сторон;я;с;т;е;а;в;V;ОМЫВАТЬСЯ;V ipf praes sg indic - 3p;Я
35082;;со;СО;PR;;;что остров омывается _со_ всех сторон водой;о;с;;;;;PR;СО;PR;О
35083;;всех;ВЕСЬ;APRO - gen pl plen - -;;;остров омывается со _всех_ сторон водой и;х;е;с;в;;;APRO;ВЕСЬ;A - gen pl plen - -;Ь
35084;;сторон;СТОРОНА;S f inan gen pl;;;омывается со всех _сторон_ водой и добраться;н;о;р;о;т;с;S;СТОРОНА;S f inan gen pl;А
35085;;водой;ВОДА;S f inan ins sg;;;со всех сторон _водой_ и добраться до;й;о;д;о;в;;S;ВОДА;S f inan ins sg;А
35086;;и;И;CONJ;;;всех сторон водой _и_ добраться до него;и;;;;;;CONJ;И;CONJ;И
35087;;добраться;ДОБРАТЬСЯ;V pf - - inf - -;;;сторон водой и _добраться_ до него можно;я;с;ь;т;а;р;V;ДОБРАТЬСЯ;V pf - - inf - -;Я
35088;;до;ДО;PR;;;водой и добраться _до_ него можно было;о;д;;;;;PR;ДО;PR;О
35089;;него;ОН;SPRO sg 3p m gen;;;и добраться до _него_ можно было только;о;г;е;н;;;SPRO;ОН;SPRO sg 3p m acc;Н
35090;;можно;МОЖНО;PRAEDIC;;;добраться до него _можно_ было только на;о;н;ж;о;м;;PRAEDIC;МОЖНО;PRAEDIC;О
35091;;было;БЫТЬ;V ipf praet sg indic n -;;;до него можно _было_ только на теплоходе;о;л;ы;б;;;V;БЫТЬ;V ipf praet sg indic n -;Ь
35092;;только;ТОЛЬКО;PART;;;него можно было _только_ на теплоходе .;о;к;ь;л;о;т;PART;ТОЛЬКО;PART;О
35093;;на;НА;PR;;;можно было только _на_ теплоходе . ;а;н;;;;;PR;НА;PR;А
35094;;теплоходе;ТЕПЛОХОД;S m inan loc sg;;;было только на _теплоходе_ .  ;е;д;о;х;о;л;S;ТЕПЛОХОД;S m inan loc sg;Д
35095;;.;.;PUNCT;;;;;;;;;;PUNCT;;;
35096;;;;;;;;;;;;;;;;;
35097;# sent = 2629;;;;;;;;;;;;;;;;
35098;;А;А;CONJ;;;.   _А_ я очень сильно;а;;;;;;CONJ;А;CONJ;А
35099;;я;Я;SPRO sg 1p - nom;;;  А _я_ очень сильно боюсь;я;;;;;;SPRO;Я;SPRO sg 1p - nom;Я
35100;;очень;ОЧЕНЬ;ADV -;;; А я _очень_ сильно боюсь воды;ь;н;е;ч;о;;ADV;ОЧЕНЬ;ADV -;Ь
35101;;сильно;СИЛЬНО;ADV -;;;А я очень _сильно_ боюсь воды ,;о;н;ь;л;и;с;ADV;СИЛЬНО;ADV -;О
35102;;боюсь;БОЯТЬСЯ;V ipf praes sg indic - 1p;;;я очень сильно _боюсь_ воды , ;ь;с;ю;о;б;;V;БОЯТЬСЯ;V ipf praes sg indic - 1p;Я
35103;;воды;ВОДА;S f inan gen sg;;;очень сильно боюсь _воды_ ,  тыж;ы;д;о;в;;;S;ВОДА;S f inan gen sg;А
35104;;,;,;PUNCT;;;;;;;;;;PUNCT;;;
35105;"<distinct form=""";;;;;;;;;;;;;;;;
35106;<dist>;тыж;;;;;;;;;;;;;;;
35107;""">";;;;;;;;;;;;;;;;
35108;;ты;ТЫ;SPRO sg 2p - nom;;; тыж  _ты_ же  знаешь;ы;т;;;;;SPRO;ТЫ;SPRO sg 2p - nom;Ы
35109;;же;ЖЕ;PART;;;тыж  ты _же_  знаешь .;е;ж;;;;;PART;ЖЕ;PART;Е
35110;</distinct>;;;;;;;;;;;;;;;;
35111;;знаешь;ЗНАТЬ;V ipf praes sg indic - 2p;;;ты же  _знаешь_ .  ;ь;ш;е;а;н;з;V;ЗНАТЬ;V ipf praes sg indic - 2p;Ь
35112;;.;.;PUNCT;;;;;;;;;;PUNCT;;;
35113;;;;;;;;;;;;;;;;;
35114;# sent = 2630;;;;;;;;;;;;;;;;
35115;;Боюсь;БОЯТЬСЯ;V ipf praes sg indic - 1p;;;.   _Боюсь_ моря , боюсь;ь;с;ю;о;б;;V;БОЯТЬСЯ;V ipf praes sg indic - 1p;Я
35116;;моря;МОРЕ;S n inan gen sg;;;  Боюсь _моря_ , боюсь в;я;р;о;м;;;S;МОРЕ;S n inan gen sg;Е
35117;;,;,;PUNCT;;;;;;;;;;PUNCT;;;
35118;;боюсь;БОЯТЬСЯ;V ipf praes sg indic - 1p;;;Боюсь моря , _боюсь_ в бассейне плавать;ь;с;ю;о;б;;V;БОЯТЬСЯ;V ipf praes sg indic - 1p;Я
35119;;в;В;PR;;;моря , боюсь _в_ бассейне плавать ,;в;;;;;;PR;В;PR;В
35120;;бассейне;БАССЕЙН;S m inan loc sg;;;, боюсь в _бассейне_ плавать , если;е;н;й;е;с;с;S;БАССЕЙН;S m inan loc sg;Н
35121;;плавать;ПЛАВАТЬ;V ipf - - inf - -;;;боюсь в бассейне _плавать_ , если я;ь;т;а;в;а;л;V;ПЛАВАТЬ;V ipf - - inf - -;Ь
35122;;,;,;PUNCT;;;;;;;;;;PUNCT;;;
35123;;если;ЕСЛИ;CONJ;;;бассейне плавать , _если_ я н ...;и;л;с;е;;;CONJ;ЕСЛИ;CONJ;И
35124;;я;Я;SPRO sg 1p - nom;;;плавать , если _я_ н ... чувствую;я;;;;;;SPRO;Я;SPRO sg 1p - nom;Я
35125;;н;Н;NONLEX;;;, если я _н_ ... чувствую ,;н;;;;;;NONLEX;Н;NONLEX;Н
35126;;...;...;PUNCT;;;;;;;;;;PUNCT;;;
35127;;чувствую;ЧУВСТВОВАТЬ;V ipf praes sg indic - 1p;;;я н ... _чувствую_ , что я;ю;у;в;т;с;в;V;ЧУВСТВОВАТЬ;V ipf praes sg indic - 1p;Ь
35128;;,;,;PUNCT;;;;;;;;;;PUNCT;;;
35129;;что;ЧТО;CONJ;;;... чувствую , _что_ я не достаю;о;т;ч;;;;CONJ;ЧТО;CONJ;О
35130;;я;Я;SPRO sg 1p - nom;;;чувствую , что _я_ не достаю дна;я;;;;;;SPRO;Я;SPRO sg 1p - nom;Я
35131;;не;НЕ;PART;;;, что я _не_ достаю дна .;е;н;;;;;PART;НЕ;PART;Е
35132;;достаю;ДОСТАВАТЬ;V ipf praes sg indic - 1p;;;что я не _достаю_ дна . ;ю;а;т;с;о;д;V;ДОСТАВАТЬ;V ipf praes sg indic - 1p;Ь
35133;;дна;ДНО;S n inan gen sg;;;я не достаю _дна_ .  ;а;н;д;;;;S;ДНО;S n inan gen sg;О
35134;;.;.;PUNCT;;;;;;;;;;PUNCT;;;
35135;;;;;;;;;;;;;;;;;
35136;# sent = 2631;;;;;;;;;;;;;;;;
35137;;Э;Э-Э;INTJ;;;.   _Э_ , и когда;э;;;;;;INTJ;Э;INTJ;Э
35138;;,;,;PUNCT;;;;;;;;;;PUNCT;;;
35139;;и;И;CONJ;;; Э , _и_ когда ... папа;и;;;;;;CONJ;И;CONJ;И
35140;;когда;КОГДА;CONJ;;;Э , и _когда_ ... папа купил;а;д;г;о;к;;CONJ;КОГДА;CONJ;А
35141;;...;...;PUNCT;;;;;;;;;;PUNCT;;;
35142;;папа;ПАПА;S m anim nom sg;;;и когда ... _папа_ купил билеты на;а;п;а;п;;;S;ПАПА;S m anim nom sg;А
35143;;купил;КУПИТЬ;V pf praet sg indic m -;;;когда ... папа _купил_ билеты на самолет;л;и;п;у;к;;V;КУПИТЬ;V pf praet sg indic m -;Ь
35144;;билеты;БИЛЕТ;S m inan acc pl;;;... папа купил _билеты_ на самолет и;ы;т;е;л;и;б;S;БИЛЕТ;S m inan acc pl;Т
35145;;на;НА;PR;;;папа купил билеты _на_ самолет и сказал;а;н;;;;;PR;НА;PR;А
35146;;самолет;САМОЛЕТ;S m inan acc sg;;;купил билеты на _самолет_ и сказал ,;т;е;л;о;м;а;S;САМОЛЕТ;S f inan acc sg;Т
35147;;и;И;CONJ;;;билеты на самолет _и_ сказал , что;и;;;;;;CONJ;И;CONJ;И
35148;;сказал;СКАЗАТЬ;V pf praet sg indic m -;;;на самолет и _сказал_ , что мы;л;а;з;а;к;с;V;СКАЗАТЬ;V pf praet sg indic m -;Ь
35149;;,;,;PUNCT;;;;;;;;;;PUNCT;;;
35150;;что;ЧТО;CONJ;;;и сказал , _что_ мы полетим самолетом;о;т;ч;;;;CONJ;ЧТО;CONJ;О
35151;;мы;МЫ;SPRO pl 1p - nom;;;сказал , что _мы_ полетим самолетом ,;ы;м;;;;;SPRO;МЫ;SPRO pl 1p - nom;Ы
35152;;полетим;ПОЛЕТЕТЬ;V pf fut pl indic - 1p;;;, что мы _полетим_ самолетом , я;м;и;т;е;л;о;V;ПОЛЕТЕТЬ;V pf - pl imper - 1p;Ь
35153;;самолетом;САМОЛЕТ;S m inan ins sg;;;что мы полетим _самолетом_ , я очень;м;о;т;е;л;о;S;САМОЛЕТ;S m inan ins sg;Т
35154;;,;,;PUNCT;;;;;;;;;;PUNCT;;;
35155;;я;Я;SPRO sg 1p - nom;;;полетим самолетом , _я_ очень сильно обрадовалась;я;;;;;;SPRO;Я;SPRO sg 1p - nom;Я
35156;;очень;ОЧЕНЬ;ADV -;;;самолетом , я _очень_ сильно обрадовалась .;ь;н;е;ч;о;;ADV;ОЧЕНЬ;ADV -;Ь
35157;;сильно;СИЛЬНО;ADV -;;;, я очень _сильно_ обрадовалась . ;о;н;ь;л;и;с;ADV;СИЛЬНО;ADV -;О
35158;;обрадовалась;ОБРАДОВАТЬСЯ;V pf praet sg indic f -;;;я очень сильно _обрадовалась_ .  ;ь;с;а;л;а;в;V;ОБРАДОВАТЬСЯ;V pf praet sg indic f -;Я
35159;;.;.;PUNCT;;;;;;;;;;PUNCT;;;
35160;;;;;;;;;;;;;;;;;
35161;# sent = 2632;;;;;;;;;;;;;;;;
35162;;Поскольку;ПОСКОЛЬКУ;CONJ;;;.   _Поскольку_ я прожила там;у;к;ь;л;о;к;CONJ;ПОСКОЛЬКУ;CONJ;У
35163;;я;Я;SPRO sg 1p - nom;;;  Поскольку _я_ прожила там очень;я;;;;;;SPRO;Я;SPRO sg 1p - nom;Я
35164;;прожила;ПРОЖИТЬ;V pf praet sg indic f 1p;;; Поскольку я _прожила_ там очень долго;а;л;и;ж;о;р;V;ПРОЖИТЬ;V pf praet sg indic f -;Ь
35165;;там;ТАМ;ADV -;;;Поскольку я прожила _там_ очень долго ,;м;а;т;;;;ADV;ТАМ;ADV -;М
35166;;очень;ОЧЕНЬ;ADV -;;;я прожила там _очень_ долго , я;ь;н;е;ч;о;;ADV;ОЧЕНЬ;ADV -;Ь
35167;;долго;ДОЛГО;ADV -;;;прожила там очень _долго_ , я в;о;г;л;о;д;;ADV;ДОЛГО;ADV -;О
35168;;,;,;PUNCT;;;;;;;;;;PUNCT;;;
35169;;я;Я;SPRO sg 1p - nom;;;очень долго , _я_ в первый класс;я;;;;;;SPRO;Я;SPRO sg 1p - nom;Я
35170;;в;В;PR;;;долго , я _в_ первый класс там;в;;;;;;PR;В;PR;В
35171;;первый;ПЕРВЫЙ;ANUM - acc sg plen m inan;;;, я в _первый_ класс там пошла;й;ы;в;р;е;п;A;ПЕРВЫЙ;A - acc sg plen m inan;Й
35172;;класс;КЛАСС;S m inan acc sg;;;я в первый _класс_ там пошла ,;с;с;а;л;к;;S;КЛАСС;S m inan acc sg;С
35173;;там;ТАМ;ADV -;;;в первый класс _там_ пошла , я;м;а;т;;;;ADV;ТАМ;ADV -;М
35174;;пошла;ПОЙТИ;V pf praet sg indic f -;;;первый класс там _пошла_ , я даже;а;л;ш;о;п;;V;ПОЙТИ;V pf praet sg indic f -;И
35175;;,;,;PUNCT;;;;;;;;;;PUNCT;;;
35176;;я;Я;SPRO sg 1p - nom;;;там пошла , _я_ даже сейчас ,;я;;;;;;SPRO;Я;SPRO sg 1p - nom;Я
35177;;даже;ДАЖЕ;PART;;;пошла , я _даже_ сейчас , мне;е;ж;а;д;;;PART;ДАЖЕ;PART;Е
35178;;сейчас;СЕЙЧАС;ADV -;;;, я даже _сейчас_ , мне ;с;а;ч;й;е;с;ADV;СЕЙЧАС;ADV -;С
35179;;,;,;PUNCT;;;;;;;;;;PUNCT;;;
35180;;мне;Я;SPRO sg 1p - dat;;;даже сейчас , _мне_  кажца ;е;н;м;;;;SPRO;Я;SPRO sg 1p - dat;Я
35181;"<distinct form=""";;;;;;;;;;;;;;;;
35182;<dist>;кажца;;;;;;;;;;;;;;;
35183;""">";;;;;;;;;;;;;;;;
35184;;кажется;КАЖЕТСЯ;V ipf praes sg indic - 3p;;; кажца  _кажется_  , ощущаю;я;с;т;е;ж;а;ADV;КАЖЕТСЯ;ADV -;Я
35185;</distinct>;;;;;;;;;;;;;;;;
35186;;,;,;PUNCT;;;;;;;;;;PUNCT;;;
35187;;ощущаю;ОЩУЩАТЬ;V ipf praes sg indic - 1p;;;кажется  , _ощущаю_ иногда запах .;ю;а;щ;у;щ;о;V;ОЩУЩАТЬ;V ipf praes sg indic - 1p;Ь
35188;;иногда;ИНОГДА;ADV -;;; , ощущаю _иногда_ запах . ;а;д;г;о;н;и;ADV;ИНОГДА;ADV -;А
35189;;запах;ЗАПАХ;S m inan acc sg;;;, ощущаю иногда _запах_ .  ;х;а;п;а;з;;S;ЗАПАХ;S m inan nom sg;Х
35190;;.;.;PUNCT;;;;;;;;;;PUNCT;;;
35191;;;;;;;;;;;;;;;;;
35192;# sent = 2633;;;;;;;;;;;;;;;;
35193;;Вот;ВОТ;PART;;;.   _Вот_ запах ... ;т;о;в;;;;PART;ВОТ;PART;Т
35194;;запах;ЗАПАХ;S m inan nom sg;;;  Вот _запах_ ...  ;х;а;п;а;з;;S;ЗАПАХ;S m inan nom sg;Х
35195;;...;...;PUNCT;;;;;;;;;;PUNCT;;;
35196;;;;;;;;;;;;;;;;;
35197;# sent = 2634;;;;;;;;;;;;;;;;
35198;;Ассоциации;АССОЦИАЦИЯ;S f inan nom pl;;;...   _Ассоциации_ такие , вот;и;и;ц;а;и;ц;S;АССОЦИАЦИЯ;S f inan gen sg;Я
35199;;такие;ТАКОЙ;APRO - nom pl plen - -;;;  Ассоциации _такие_ , вот у;е;и;к;а;т;;APRO;ТАКОЙ;A - nom pl plen - -;Й
35200;;,;,;PUNCT;;;;;;;;;;PUNCT;;;
35201;;вот;ВОТ;PART;;;Ассоциации такие , _вот_ у кого-то возникают;т;о;в;;;;PART;ВОТ;PART;Т
35202;;у;У;PR;;;такие , вот _у_ кого-то возникают ассоциации;у;;;;;;PR;У;PR;У
35203;;кого-то;КТО-ТО;SPRO m - gen sg;;;, вот у _кого-то_ возникают ассоциации ,;о;т;-;о;г;о;S;КТО-ТО;S m - gen sg;О
35204;;возникают;ВОЗНИКАТЬ;V ipf praes pl indic - 3p;;;вот у кого-то _возникают_ ассоциации , там;т;ю;а;к;и;н;V;ВОЗНИКАТЬ;V ipf praes pl indic - 3p;Ь
35205;;ассоциации;АССОЦИАЦИЯ;S f inan nom pl;;;у кого-то возникают _ассоциации_ , там ,;и;и;ц;а;и;ц;S;АССОЦИАЦИЯ;S f inan nom pl;Я
35206;;,;,;PUNCT;;;;;;;;;;PUNCT;;;
35207;;там;ТАМ;PART;;;возникают ассоциации , _там_ , при виде;м;а;т;;;;ADV;ТАМ;ADV -;М
35208;;,;,;PUNCT;;;;;;;;;;PUNCT;;;
35209;;при;ПРИ;PR;;;, там , _при_ виде чего-то ,;и;р;п;;;;PR;ПРИ;PR;И
35210;;виде;ВИД;S m inan loc sg;;;там , при _виде_ чего-то , у;е;д;и;в;;;S;ВИД;S m inan loc sg;Д
35211;;чего-то;ЧТО-ТО;SPRO n inan gen sg;;;, при виде _чего-то_ , у меня;о;т;-;о;г;е;SPRO;ЧТО-ТО;S n - gen sg;О
35212;;,;,;PUNCT;;;;;;;;;;PUNCT;;;
35213;;у;У;PR;;;виде чего-то , _у_ меня возникают ассоциации;у;;;;;;PR;У;PR;У
35214;;меня;Я;SPRO sg 1p - gen;;;чего-то , у _меня_ возникают ассоциации при;я;н;е;м;;;SPRO;Я;SPRO sg 1p - acc;Я
35215;;возникают;ВОЗНИКАТЬ;V ipf praes pl indic - 3p;;;, у меня _возникают_ ассоциации при ощущении;т;ю;а;к;и;н;V;ВОЗНИКАТЬ;V ipf praes pl indic - 3p;Ь
35216;;ассоциации;АССОЦИАЦИЯ;S f inan nom pl;;;у меня возникают _ассоциации_ при ощущении запаха;и;и;ц;а;и;ц;S;АССОЦИАЦИЯ;S f inan nom pl;Я
35217;;при;ПРИ;PR;;;меня возникают ассоциации _при_ ощущении запаха ,;и;р;п;;;;PR;ПРИ;PR;И
35218;;ощущении;ОЩУЩЕНИЕ;S n inan loc sg;;;возникают ассоциации при _ощущении_ запаха , особенно;и;и;н;е;щ;у;S;ОЩУЩЕНИЕ;S n inan loc sg;Е
35219;;запаха;ЗАПАХ;S m inan gen sg;;;ассоциации при ощущении _запаха_ , особенно вот;а;х;а;п;а;з;S;ЗАПАХ;S m inan gen sg;Х
35220;;,;,;PUNCT;;;;;;;;;;PUNCT;;;
35221;;особенно;ОСОБЕННО;ADV -;;;ощущении запаха , _особенно_ вот запах осени;о;н;н;е;б;о;ADV;ОСОБЕННО;ADV -;О
35222;;вот;ВОТ;PART;;;запаха , особенно _вот_ запах осени ,;т;о;в;;;;PART;ВОТ;PART;Т
35223;;запах;ЗАПАХ;S m inan nom sg;;;, особенно вот _запах_ осени , листвы;х;а;п;а;з;;S;ЗАПАХ;S m inan nom sg;Х
35224;;осени;ОСЕНЬ;S f inan gen sg;;;особенно вот запах _осени_ , листвы ,;и;н;е;с;о;;S;ОСЕНЬ;S f inan gen sg;Ь
35225;;,;,;PUNCT;;;;;;;;;;PUNCT;;;
35226;;листвы;ЛИСТВА;S f inan gen sg;;;запах осени , _листвы_ , грибов .;ы;в;т;с;и;л;S;ЛИСТВА;S f inan gen sg;А
35227;;,;,;PUNCT;;;;;;;;;;PUNCT;;;
35228;;грибов;ГРИБ;S m inan gen pl;;;, листвы , _грибов_ .  ;в;о;б;и;р;г;S;ГРИБ;S m inan gen pl;Б
35229;;.;.;PUNCT;;;;;;;;;;PUNCT;;;
35230;;;;;;;;;;;;;;;;;
35231;# sent = 2635;;;;;;;;;;;;;;;;
35232;# speaker = Алёна;;;;;;;;;;;;;;;;
35233;# sent = 2636;;;;;;;;;;;;;;;;
35234;"<distinct form=""";;;;;;;;;;;;;;;;
35235;<dist>;иии;;;;;;;;;;;;;;;
35236;""">";;;;;;;;;;;;;;;;
35237;;И;И;CONJ;;; иии  _И_  очень яркое;и;;;;;;CONJ;И;S - - nonflex -;И
35238;</distinct>;;;;;;;;;;;;;;;;
35239;;очень;ОЧЕНЬ;ADV -;;; И  _очень_ яркое вппечатление у;ь;н;е;ч;о;;ADV;ОЧЕНЬ;ADV -;Ь
35240;;яркое;ЯРКИЙ;A - nom sg plen n -;;;И  очень _яркое_ вппечатление у меня;е;о;к;р;я;;A;ЯРКИЙ;A - nom sg plen n -;Й
35241;;вппечатление;ВПЕЧАТЛЕНИЕ;S n inan nom sg;distort;; очень яркое _вппечатление_ у меня осталось;е;и;н;е;л;т;S;ВППЕЧАТЛЕНИЕ;S n inan nom sg;Е
35242;;у;У;PR;;;очень яркое вппечатление _у_ меня осталось ,;у;;;;;;PR;У;PR;У
35243;;меня;Я;SPRO sg 1p - gen;;;яркое вппечатление у _меня_ осталось , ну;я;н;е;м;;;SPRO;Я;SPRO sg 1p - acc;Я
35244;;осталось;ОСТАТЬСЯ;V pf praet sg indic n -;;;вппечатление у меня _осталось_ , ну ,;ь;с;о;л;а;т;V;ОСТАТЬСЯ;V pf praet sg indic n -;Я
35245;;,;,;PUNCT;;;;;;;;;;PUNCT;;;
35246;;ну;НУ;PART;;;меня осталось , _ну_ , наверное ,;у;н;;;;;PART;НУ;PART;У
35247;;,;,;PUNCT;;;;;;;;;;PUNCT;;;
35248;;наверное;НАВЕРНОЕ;ADV -;;;, ну , _наверное_ , от Кипра;е;о;н;р;е;в;ADV;НАВЕРНОЕ;ADV -;Е
35249;;,;,;PUNCT;;;;;;;;;;PUNCT;;;
35250;;от;ОТ;PR;;;, наверное , _от_ Кипра . ;т;о;;;;;PR;ОТ;PR;Т
35251;;Кипра;КИПР;S m inan gen sg;;;наверное , от _Кипра_ .  ;а;р;п;и;к;;S;КИПР;S m inan gen sg;Р
35252;;.;.;PUNCT;;;;;;;;;;PUNCT;;;
35253;;;;;;;;;;;;;;;;;
35254;# sent = 2637;;;;;;;;;;;;;;;;
35255;;Кипр;КИПР;S m inan nom sg;;;.   _Кипр_ ...  ;р;п;и;к;;;S;КИПР;S m inan nom sg;Р
35256;;...;...;PUNCT;;;;;;;;;;PUNCT;;;
35257;;;;;;;;;;;;;;;;;
35258;# sent = 2638;;;;;;;;;;;;;;;;
35259;;Когда;КОГДА;CONJ;;;...   _Когда_ прилетаешь , кажется;а;д;г;о;к;;CONJ;КОГДА;CONJ;А
35260;;прилетаешь;ПРИЛЕТАТЬ;V ipf praes sg indic - 2p;;;  Когда _прилетаешь_ , кажется ,;ь;ш;е;а;т;е;V;ПРИЛЕТАТЬ;V ipf praes sg indic - 2p;Ь
35261;;,;,;PUNCT;;;;;;;;;;PUNCT;;;
35262;;кажется;КАЖЕТСЯ;V ipf praes sg indic - 3p;;;Когда прилетаешь , _кажется_ , что такая;я;с;т;е;ж;а;ADV;КАЖЕТСЯ;ADV -;Я
35263;;,;,;PUNCT;;;;;;;;;;PUNCT;;;
35264;;что;ЧТО;CONJ;;;, кажется , _что_ такая выжженая местность;о;т;ч;;;;CONJ;ЧТО;CONJ;О
35265;;такая;ТАКОЙ;APRO - nom sg plen f -;;;кажется , что _такая_ выжженая местность ,;я;а;к;а;т;;APRO;ТАКОЙ;A - nom sg plen f -;Й
35266;;выжженая;ВЫЖЖЕНЫЙ;A - nom sg plen f -;;;, что такая _выжженая_ местность , выжженая;я;а;н;е;ж;ж;A;ВЫЖЖЕНЫЙ;A - nom sg plen f -;Й
35267;;местность;МЕСТНОСТЬ;S f inan nom sg;;;что такая выжженая _местность_ , выжженая солнцем;ь;т;с;о;н;т;S;МЕСТНОСТЬ;S f inan nom sg;Ь
35268;;,;,;PUNCT;;;;;;;;;;PUNCT;;;
35269;;выжженая;ВЫЖЖЕНЫЙ;A - nom sg plen f -;;;выжженая местность , _выжженая_ солнцем , но;я;а;н;е;ж;ж;A;ВЫЖЖЕНЫЙ;A - nom sg plen f -;Й
35270;;солнцем;СОЛНЦЕ;S n inan ins sg;;;местность , выжженая _солнцем_ , но ;м;е;ц;н;л;о;S;СОЛНЦЕ;S n inan ins sg;Е
35271;;,;,;PUNCT;;;;;;;;;;PUNCT;;;
35272;;но;НО;CONJ;;;выжженая солнцем , _но_  когдааа ;о;н;;;;;CONJ;НО;CONJ;О
35273;"<distinct form=""";;;;;;;;;;;;;;;;
35274;<dist>;когдааа;;;;;;;;;;;;;;;
35275;""">";;;;;;;;;;;;;;;;
35276;;когда;КОГДА;CONJ;;; когдааа  _когда_  находишься непосредственно;а;д;г;о;к;;ADV;КОГДА;ADV -;А
35277;</distinct>;;;;;;;;;;;;;;;;
35278;;находишься;НАХОДИТЬСЯ;V ipf praes sg indic - 2p;;; когда  _находишься_ непосредственно уже в;я;с;ь;ш;и;д;V;НАХОДИТЬСЯ;V ipf praes sg indic - 2p;Я
35279;;непосредственно;НЕПОСРЕДСТВЕННО;ADV -;;;когда  находишься _непосредственно_ уже в городе;о;н;н;е;в;т;ADV;НЕПОСРЕДСТВЕННО;ADV -;О
35280;;уже;УЖЕ;ADV -;;; находишься непосредственно _уже_ в городе ,;е;ж;у;;;;ADV;УЖЕ;ADV -;Е
35281;;в;В;PR;;;находишься непосредственно уже _в_ городе , в;в;;;;;;PR;В;PR;В
35282;;городе;ГОРОД;S m inan loc sg;;;непосредственно уже в _городе_ , в курортной;е;д;о;р;о;г;S;ГОРОД;S m inan loc sg;Д
35283;;,;,;PUNCT;;;;;;;;;;PUNCT;;;
35284;;в;В;PR;;;в городе , _в_ курортной зоне ,;в;;;;;;PR;В;PR;В
35285;;курортной;КУРОРТНЫЙ;A - loc sg plen f -;;;городе , в _курортной_ зоне , то;й;о;н;т;р;о;A;КУРОРТНЫЙ;A - loc sg plen f -;Й
35286;;зоне;ЗОНА;S f inan loc sg;;;, в курортной _зоне_ , то очень;е;н;о;з;;;S;ЗОНА;S f inan loc sg;А
35287;;,;,;PUNCT;;;;;;;;;;PUNCT;;;
35288;;то;ТО;CONJ;;;курортной зоне , _то_ очень живописные такие;о;т;;;;;CONJ;ТО;CONJ;О
35289;;очень;ОЧЕНЬ;ADV -;;;зоне , то _очень_ живописные такие места;ь;н;е;ч;о;;ADV;ОЧЕНЬ;ADV -;Ь
35290;;живописные;ЖИВОПИСНЫЙ;A - nom pl plen - -;;;, то очень _живописные_ такие места .;е;ы;н;с;и;п;A;ЖИВОПИСНЫЙ;A - nom pl plen - -;Й
35291;;такие;ТАКОЙ;APRO - nom pl plen - -;;;то очень живописные _такие_ места . ;е;и;к;а;т;;APRO;ТАКОЙ;A - nom pl plen - -;Й
35292;;места;МЕСТО;S n inan nom pl;;;очень живописные такие _места_ .  ;а;т;с;е;м;;S;МЕСТО;S n inan nom pl;О
35293;;.;.;PUNCT;;;;;;;;;;PUNCT;;;
35294;;;;;;;;;;;;;;;;;
35295;# sent = 2639;;;;;;;;;;;;;;;;
35296;;И;И;CONJ;;;.   _И_ , помнишь ,;и;;;;;;CONJ;И;CONJ;И
35297;;,;,;PUNCT;;;;;;;;;;PUNCT;;;
35298;;помнишь;ПОМНИТЬ;V ipf praes sg indic - 2p;;; И , _помнишь_ , наши впечатления;ь;ш;и;н;м;о;V;ПОМНИТЬ;V ipf praes sg indic - 2p;Ь
35299;;,;,;PUNCT;;;;;;;;;;PUNCT;;;
35300;;наши;НАШ;APRO - acc pl plen - -;;;, помнишь , _наши_ впечатления о цвете;и;ш;а;н;;;APRO;НАШ;A - nom pl plen - -;Ш
35301;;впечатления;ВПЕЧАТЛЕНИЕ;S n inan acc pl;;;помнишь , наши _впечатления_ о цвете моря;я;и;н;е;л;т;S;ВПЕЧАТЛЕНИЕ;S n inan nom pl;Е
35302;;о;О;PR;;;, наши впечатления _о_ цвете моря ,;о;;;;;;PR;О;PR;О
35303;;цвете;ЦВЕТ;S m inan loc sg;;;наши впечатления о _цвете_ моря , хах;е;т;е;в;ц;;S;ЦВЕТ;S m inan loc sg;Т
35304;;моря;МОРЕ;S n inan gen sg;;;впечатления о цвете _моря_ , хах ?;я;р;о;м;;;S;МОРЕ;S n inan gen sg;Е
35305;;,;,;PUNCT;;;;;;;;;;PUNCT;;;
35306;;хах;ХАХ;NONLEX;;;цвете моря , _хах_ ?  ;х;а;х;;;;S;ХАХ;S m anim nom sg;Х
35307;;?;?;PUNCT;;;;;;;;;;PUNCT;;;
35308;;;;;;;;;;;;;;;;;
35309;# sent = 2640;;;;;;;;;;;;;;;;
35310;;Когда;КОГДА;CONJ;;;?   _Когда_ мы воскликнули :;а;д;г;о;к;;CONJ;КОГДА;CONJ;А
35311;;мы;МЫ;SPRO pl 1p - nom;;;"  Когда _мы_ воскликнули : """;ы;м;;;;;SPRO;МЫ;SPRO pl 1p - nom;Ы
35312;;воскликнули;ВОСКЛИКНУТЬ;V pf praet pl indic - -;;;" Когда мы _воскликнули_ : "" Ах";и;л;у;н;к;и;V;ВОСКЛИКНУТЬ;V pf praet pl indic - -;Ь
35313;;:;:;PUNCT;;;;;;;;;;PUNCT;;;
35314;;"""";"""";PUNCT;;;;;;;;;;PUNCT;;;
35315;;Ах;АХ;INTJ;;;"воскликнули : "" _Ах_ , как на";х;а;;;;;INTJ;АХ;INTJ;Х
35316;;,;,;PUNCT;;;;;;;;;;PUNCT;;;
35317;;как;КАК;CONJ;;;""" Ах , _как_ на плакате """;к;а;к;;;;ADV;КАК;ADV -;К
35318;;на;НА;PR;;;"Ах , как _на_ плакате "" .";а;н;;;;;PR;НА;PR;А
35319;;плакате;ПЛАКАТ;S m inan loc sg;;;", как на _плакате_ "" . ";е;т;а;к;а;л;S;ПЛАКАТ;S m inan loc sg;Т
35320;;"""";"""";PUNCT;;;;;;;;;;PUNCT;;;
35321;;.;.;PUNCT;;;;;;;;;;PUNCT;;;
35322;;;;;;;;;;;;;;;;;
35323;# sent = 2641;;;;;;;;;;;;;;;;
35324;;Что;ЧТО;SPRO n inan nom sg;;;.   _Что_ еще ? ..;о;т;ч;;;;SPRO;ЧТО;S n - nom sg;О
35325;;еще;ЕЩЕ;ADV -;;;  Что _еще_ ? .. ;е;щ;е;;;;ADV;ЕЩЕ;ADV -;Е
35326;;?;?..;PUNCT;;;;;;;;;;PUNCT;;;
35327;;..;..;PUNCT;;;;;;;;;;PUNCT;;;
35328;;;;;;;;;;;;;;;;;
35329;# sent = 2642;;;;;;;;;;;;;;;;
35330;;Ну;НУ;PART;;;..   _Ну_ Барселона , наверное;у;н;;;;;PART;НУ;PART;У
35331;;Барселона;БАРСЕЛОНА;S f inan nom sg;;;  Ну _Барселона_ , наверное ,;а;н;о;л;е;с;S;БАРСЕЛОНА;S f inan nom sg;А
35332;;,;,;PUNCT;;;;;;;;;;PUNCT;;;
35333;;наверное;НАВЕРНОЕ;PARENTH -;;;Ну Барселона , _наверное_ , произвела впечатление;е;о;н;р;е;в;ADV;НАВЕРНОЕ;ADV -;Е
35334;;,;,;PUNCT;;;;;;;;;;PUNCT;;;
35335;;произвела;ПРОИЗВЕСТИ;V pf praet sg indic f -;;;, наверное , _произвела_ впечатление , потому что;а;л;е;в;з;и;V;ПРОИЗВЕСТИ;V pf praet sg indic f -;И
35336;;впечатление;ВПЕЧАТЛЕНИЕ;S n inan acc sg;;;наверное , произвела _впечатление_ , потому что в;е;и;н;е;л;т;S;ВПЕЧАТЛЕНИЕ;S n inan acc sg;Е
35337;;,;,;PUNCT;;;;;;;;;;PUNCT;;;
35338;;потому что;потому что;CONJ;;;произвела впечатление , _потому что_ в первый раз;о;т;ч; ;у;м;CONJ;потому что;CONJ;о
35339;;в;В;PR;;;впечатление , потому что _в_ первый раз я;в;;;;;;PR;В;PR;В
35340;;первый;ПЕРВЫЙ;ANUM - acc sg plen m inan;;;, потому что в _первый_ раз я там;й;ы;в;р;е;п;A;ПЕРВЫЙ;A - acc sg plen m inan;Й
35341;;раз;РАЗ;S m inan acc sg;;;потому что в первый _раз_ я там побывала;з;а;р;;;;S;РАЗ;S m inan acc sg;З
35342;;я;Я;SPRO sg 1p - nom;;;в первый раз _я_ там побывала в;я;;;;;;SPRO;Я;SPRO sg 1p - nom;Я
35343;;там;ТАМ;ADV -;;;первый раз я _там_ побывала в девяностых;м;а;т;;;;ADV;ТАМ;ADV -;М
35344;;побывала;ПОБЫВАТЬ;V pf praet sg indic f -;;;раз я там _побывала_ в девяностых годах;а;л;а;в;ы;б;V;ПОБЫВАТЬ;V pf praet sg indic f -;Ь
35345;;в;В;PR;;;я там побывала _в_ девяностых годах ;в;;;;;;PR;В;PR;В
35346;;девяностых;ДЕВЯНОСТЫЙ;ANUM - loc pl plen - -;;;там побывала в _девяностых_ годах  иии;х;ы;т;с;о;н;ANUM;ДЕВЯНОСТЫЙ;A - gen pl plen - -;Й
35347;;годах;ГОД;S m inan loc pl;;;побывала в девяностых _годах_  иии ;х;а;д;о;г;;S;ГОД;S m inan loc pl;Д
35348;"<distinct form=""";;;;;;;;;;;;;;;;
35349;<dist>;иии;;;;;;;;;;;;;;;
35350;""">";;;;;;;;;;;;;;;;
35351;;и;И;CONJ;;; иии  _и_  после такой;и;;;;;;CONJ;И;CONJ;И
35352;</distinct>;;;;;;;;;;;;;;;;
35353;;после;ПОСЛЕ;PR;;; и  _после_ такой достаточно суровой;е;л;с;о;п;;PR;ПОСЛЕ;PR;Е
35354;;такой;ТАКОЙ;APRO - gen sg plen f -;;;и  после _такой_ достаточно суровой серой;й;о;к;а;т;;APRO;ТАКОЙ;A - ins sg plen f -;Й
35355;;достаточно;ДОСТАТОЧНО;ADV -;;; после такой _достаточно_ суровой серой Москвы;о;н;ч;о;т;а;ADV;ДОСТАТОЧНО;ADV -;О
35356;;суровой;СУРОВЫЙ;A - gen sg plen f -;;;после такой достаточно _суровой_ серой Москвы Барселона;й;о;в;о;р;у;A;СУРОВЫЙ;A - gen sg plen f -;Й
35357;;серой;СЕРЫЙ;A - gen sg plen f -;;;такой достаточно суровой _серой_ Москвы Барселона и;й;о;р;е;с;;A;СЕРЫЙ;A - gen sg plen f -;Й
35358;;Москвы;МОСКВА;S f inan gen sg;;;достаточно суровой серой _Москвы_ Барселона и маленькие;ы;в;к;с;о;м;S;МОСКВА;S f inan gen sg;А
35359;;Барселона;БАРСЕЛОНА;S f inan nom sg;;;суровой серой Москвы _Барселона_ и маленькие городки;а;н;о;л;е;с;S;БАРСЕЛОНА;S f inan nom sg;А
35360;;и;И;CONJ;;;серой Москвы Барселона _и_ маленькие городки ,;и;;;;;;CONJ;И;CONJ;И
35361;;маленькие;МАЛЕНЬКИЙ;A - nom pl plen - inan;;;Москвы Барселона и _маленькие_ городки , которые;е;и;к;ь;н;е;A;МАЛЕНЬКИЙ;A - acc pl plen - inan;Й
35362;;городки;ГОРОДОК;S m inan nom pl;;;Барселона и маленькие _городки_ , которые находятся;и;к;д;о;р;о;S;ГОРОДОК;S m inan acc pl;К
35363;;,;,;PUNCT;;;;;;;;;;PUNCT;;;
35364;;которые;КОТОРЫЙ;APRO - nom pl plen - -;;;маленькие городки , _которые_ находятся недалеко от;е;ы;р;о;т;о;APRO;КОТОРЫЙ;A - nom pl plen - -;Й
35365;;находятся;НАХОДИТЬСЯ;V ipf praes pl indic - 3p;;;городки , которые _находятся_ недалеко от нее;я;с;т;я;д;о;V;НАХОДИТЬСЯ;V ipf praes pl indic - 3p;Я
35366;;недалеко;НЕДАЛЕКО;ADV -;;;, которые находятся _недалеко_ от нее ,;о;к;е;л;а;д;ADV;НЕДАЛЕКО;ADV -;О
35367;;от;ОТ;PR;;;которые находятся недалеко _от_ нее , такие;т;о;;;;;PR;ОТ;PR;Т
35368;;нее;ОНА;SPRO sg 3p f gen;;;находятся недалеко от _нее_ , такие ;е;е;н;;;;SPRO;ОНА;SPRO sg 3p f acc;А
35369;;,;,;PUNCT;;;;;;;;;;PUNCT;;;
35370;;такие;ТАКОЙ;APRO - nom pl plen - inan;;;от нее , _такие_  достачно ;е;и;к;а;т;;APRO;ТАКОЙ;A - acc pl plen - inan;Й
35371;"<distinct form=""";;;;;;;;;;;;;;;;
35372;<dist>;достачно;;;;;;;;;;;;;;;
35373;""">";;;;;;;;;;;;;;;;
35374;;достаточно;ДОСТАТОЧНО;ADV -;;; достачно  _достаточно_  живописные места;о;н;ч;о;т;а;ADV;ДОСТАТОЧНО;ADV -;О
35375;</distinct>;;;;;;;;;;;;;;;;
35376;;живописные;ЖИВОПИСНЫЙ;A - nom pl plen - inan;;; достаточно  _живописные_ места . ;е;ы;н;с;и;п;A;ЖИВОПИСНЫЙ;A - acc pl plen - inan;Й
35377;;места;МЕСТО;S n inan nom pl;;;достаточно  живописные _места_ .  ;а;т;с;е;м;;S;МЕСТО;S n inan acc pl;О
35378;;.;.;PUNCT;;;;;;;;;;PUNCT;;;
35379;;;;;;;;;;;;;;;;;
35380;# sent = 2643;;;;;;;;;;;;;;;;
35381;# speaker = Алёна;;;;;;;;;;;;;;;;
35382;# sent = 2644;;;;;;;;;;;;;;;;
35383;;Где;ГДЕ;ADV -;;;   _Где_ еще я ;е;д;г;;;;ADV;ГДЕ;ADV -;Е
35384;;еще;ЕЩЕ;ADV -;;;  Где _еще_ я  бы;е;щ;е;;;;ADV;ЕЩЕ;ADV -;Е
35385;;я;Я;SPRO sg 1p - nom;;; Где еще _я_  бы ;я;;;;;;SPRO;Я;SPRO sg 1p - nom;Я
35386;"<distinct form=""";;;;;;;;;;;;;;;;
35387;<dist>;бы;;;;;;;;;;;;;;;
35388;""">";;;;;;;;;;;;;;;;
35389;;была;БЫТЬ;V ipf praet sg indic f -;;; бы  _была_  а ,;а;л;ы;б;;;V;БЫТЬ;V ipf praet sg indic f -;Ь
35390;</distinct>;;;;;;;;;;;;;;;;
35391;;а;А;INTJ;;; была  _а_ , Санкт-Петербург !;а;;;;;;CONJ;А;CONJ;А
35392;;,;,;PUNCT;;;;;;;;;;PUNCT;;;
35393;;Санкт-Петербург;САНКТ-ПЕТЕРБУРГ;S m inan nom sg;;; а , _Санкт-Петербург_ !  ;г;р;у;б;р;е;S;САНКТ-ПЕТЕРБУРГ;S m inan nom sg;Г
35394;;!;!;PUNCT;;;;;;;;;;PUNCT;;;
35395;;;;;;;;;;;;;;;;;
35396;# sent = 2645;;;;;;;;;;;;;;;;
35397;"<distinct form=""";;;;;;;;;;;;;;;;
35398;<dist>;даа;;;;;;;;;;;;;;;
35399;""">";;;;;;;;;;;;;;;;
35400;;Да;ДА;PART;;; даа  _Да_  , Санкт-Петербург;а;д;;;;;PART;ДА;PART;А
35401;</distinct>;;;;;;;;;;;;;;;;
35402;;,;,;PUNCT;;;;;;;;;;PUNCT;;;
35403;;Санкт-Петербург;САНКТ-ПЕТЕРБУРГ;S m inan nom sg;;;Да  , _Санкт-Петербург_ .  ;г;р;у;б;р;е;S;САНКТ-ПЕТЕРБУРГ;S m inan nom sg;Г
35404;;.;.;PUNCT;;;;;;;;;;PUNCT;;;
35405;;;;;;;;;;;;;;;;;
35406;# sent = 2646;;;;;;;;;;;;;;;;
35407;;Культурная;КУЛЬТУРНЫЙ;A - nom sg plen f -;;;.   _Культурная_ столица , где;я;а;н;р;у;т;A;КУЛЬТУРНЫЙ;A - nom sg plen f -;Й
35408;;столица;СТОЛИЦА;S f inan nom sg;;;  Культурная _столица_ , где меня;а;ц;и;л;о;т;S;СТОЛИЦА;S f inan nom sg;А
35409;;,;,;PUNCT;;;;;;;;;;PUNCT;;;
35410;;где;ГДЕ;ADV -;;;Культурная столица , _где_ меня  поразилаээ;е;д;г;;;;ADV;ГДЕ;ADV -;Е
35411;;меня;Я;SPRO sg 1p - acc;;;столица , где _меня_  поразилаээ ;я;н;е;м;;;SPRO;Я;SPRO sg 1p - acc;Я
35412;"<distinct form=""";;;;;;;;;;;;;;;;
35413;<dist>;поразилаээ;;;;;;;;;;;;;;;
35414;""">";;;;;;;;;;;;;;;;
35415;;поразила;ПОРАЗИТЬ;V pf praet sg indic f -;;; поразилаээ  _поразила_  достаточно ;а;л;и;з;а;р;V;ПОРАЗИТЬ;V pf praet sg indic f -;Ь
35416;</distinct>;;;;;;;;;;;;;;;;
35417;;достаточно;ДОСТАТОЧНО;ADV -;;; поразила  _достаточно_  ткая ;о;н;ч;о;т;а;ADV;ДОСТАТОЧНО;ADV -;О
35418;"<distinct form=""";;;;;;;;;;;;;;;;
35419;<dist>;ткая;;;;;;;;;;;;;;;
35420;""">";;;;;;;;;;;;;;;;
35421;;такая;ТАКОЙ;APRO - nom sg plen f -;;; ткая  _такая_  такая ,;я;а;к;а;т;;APRO;ТАКОЙ;A - nom sg plen f -;Й
35422;</distinct>;;;;;;;;;;;;;;;;
35423;;такая;ТАКОЙ;APRO - nom sg plen f -;;distort; такая  _такая_ , бросающаяся в;я;а;к;а;т;;APRO;ТАКОЙ;A - nom sg plen f -;Й
35424;;,;,;PUNCT;;;;;;;;;;PUNCT;;;
35425;;бросающаяся;БРОСАТЬСЯ;PARTCP ipf inpraes nom sg plen f act -;;; такая , _бросающаяся_ в глаза неухоженность;я;с;я;а;щ;ю;PARTCP;БРОСАТЬСЯ;PARTCP ipf inpraes nom sg plen f act -;Я
35426;;в;В;PR;;;такая , бросающаяся _в_ глаза неухоженность улиц;в;;;;;;PR;В;PR;В
35427;;глаза;ГЛАЗ;S m inan acc pl;;;, бросающаяся в _глаза_ неухоженность улиц ,;а;з;а;л;г;;S;ГЛАЗ;S m inan acc pl;З
35428;;неухоженность;НЕУХОЖЕННОСТЬ;S f inan nom sg;;;бросающаяся в глаза _неухоженность_ улиц , э;ь;т;с;о;н;н;S;НЕУХОЖЕННОСТЬ;S f inan acc sg;Ь
35429;;улиц;УЛИЦА;S f inan gen pl;;;в глаза неухоженность _улиц_ , э ,;ц;и;л;у;;;S;УЛИЦА;S f inan gen pl;А
35430;;,;,;PUNCT;;;;;;;;;;PUNCT;;;
35431;;э;Э-Э;INTJ;;;неухоженность улиц , _э_ , неудобство транспорта;э;;;;;;INTJ;Э;S - - nonflex -;Э
35432;;,;,;PUNCT;;;;;;;;;;PUNCT;;;
35433;;неудобство;НЕУДОБСТВО;S n inan nom sg;;;, э , _неудобство_ транспорта общественного ,;о;в;т;с;б;о;S;НЕУДОБСТВО;S n inan nom sg;О
35434;;транспорта;ТРАНСПОРТ;S m inan gen sg;;;э , неудобство _транспорта_ общественного , что;а;т;р;о;п;с;S;ТРАНСПОРТ;S m inan gen sg;Т
35435;;общественного;ОБЩЕСТВЕННЫЙ;A - gen sg plen m -;;;, неудобство транспорта _общественного_ , что еще;о;г;о;н;н;е;A;ОБЩЕСТВЕННЫЙ;A - gen sg plen m -;Й
35436;;,;,;PUNCT;;;;;;;;;;PUNCT;;;
35437;;что;ЧТО;SPRO n inan nom sg;;;транспорта общественного , _что_ еще ... ;о;т;ч;;;;CONJ;ЧТО;CONJ;О
35438;;еще;ЕЩЕ;ADV -;;;общественного , что _еще_ ...  ;е;щ;е;;;;ADV;ЕЩЕ;ADV -;Е
35439;;...;...;PUNCT;;;;;;;;;;PUNCT;;;
35440;;;;;;;;;;;;;;;;;
35441;# sent = 2647;;;;;;;;;;;;;;;;
35442;;Ну;НУ;PART;;;...   _Ну_ и в то;у;н;;;;;PART;НУ;PART;У
35443;;и;И;CONJ;;;  Ну _и_ в то же;и;;;;;;CONJ;И;CONJ;И
35444;;в;В;PR;;; Ну и _в_ то же время;в;;;;;;PR;В;PR;В
35445;;то;ТОТ;APRO - acc sg plen n inan;;;Ну и в _то_ же время ;о;т;;;;;A;ТОТ;A - acc sg plen n inan;Т
35446;;же;ЖЕ;PART;;;и в то _же_ время  кнортрастээ;е;ж;;;;;PART;ЖЕ;PART;Е
35447;;время;ВРЕМЯ;S n inan acc sg;;;в то же _время_  кнортрастээ ;я;м;е;р;в;;S;ВРЕМЯ;S n inan acc sg;Я
35448;"<distinct form=""";;;;;;;;;;;;;;;;
35449;<dist>;кнортрастээ;;;;;;;;;;;;;;;
35450;""">";;;;;;;;;;;;;;;;
35451;;контраст;КОНТРАСТ;S m inan nom sg;;; кнортрастээ  _контраст_  : очень;т;с;а;р;т;н;S;КОНТРАСТ;S m inan nom sg;Т
35452;</distinct>;;;;;;;;;;;;;;;;
35453;;:;:;PUNCT;;;;;;;;;;PUNCT;;;
35454;;очень;ОЧЕНЬ;ADV -;;;контраст  : _очень_ красивые исторические места;ь;н;е;ч;о;;ADV;ОЧЕНЬ;ADV -;Ь
35455;;красивые;КРАСИВЫЙ;A - nom pl plen - inan;;; : очень _красивые_ исторические места .;е;ы;в;и;с;а;A;КРАСИВЫЙ;A - acc pl plen - inan;Й
35456;;исторические;ИСТОРИЧЕСКИЙ;A - nom pl plen - inan;;;: очень красивые _исторические_ места . ;е;и;к;с;е;ч;A;ИСТОРИЧЕСКИЙ;A - acc pl plen - inan;Й
35457;;места;МЕСТО;S n inan nom pl;;;очень красивые исторические _места_ .  ;а;т;с;е;м;;S;МЕСТО;S n inan acc pl;О
35458;;.;.;PUNCT;;;;;;;;;;PUNCT;;;
35459;;;;;;;;;;;;;;;;;
35460;# sent = 2648;;;;;;;;;;;;;;;;
35461;;Э;Э-Э;INTJ;;;.   _Э_ , что еще;э;;;;;;INTJ;Э;INTJ;Э
35462;;,;,;PUNCT;;;;;;;;;;PUNCT;;;
35463;;что;ЧТО;SPRO n inan nom sg;;; Э , _что_ еще ? ;о;т;ч;;;;CONJ;ЧТО;CONJ;О
35464;;еще;ЕЩЕ;ADV -;;;Э , что _еще_ ?  ;е;щ;е;;;;ADV;ЕЩЕ;ADV -;Е
35465;;?;?;PUNCT;;;;;;;;;;PUNCT;;;
35466;;;;;;;;;;;;;;;;;
35467;# sent = 2649;;;;;;;;;;;;;;;;
35468;;Анапа;АНАПА;S f inan nom sg;;;?   _Анапа_ !  ;а;п;а;н;а;;S;АНАПА;S f inan nom sg;А
35469;;!;!;PUNCT;;;;;;;;;;PUNCT;;;
35470;;;;;;;;;;;;;;;;;
35471;# sent = 2650;;;;;;;;;;;;;;;;
35472;"<distinct form=""";;;;;;;;;;;;;;;;
35473;<dist>;воот;;;;;;;;;;;;;;;
35474;""">";;;;;;;;;;;;;;;;
35475;;Вот;ВОТ;PART;;; воот  _Вот_  , ;т;о;в;;;;PART;ВОТ;PART;Т
35476;</distinct>;;;;;;;;;;;;;;;;
35477;;,;,;PUNCT;;;;;;;;;;PUNCT;;;
35478;"<distinct form=""";;;;;;;;;;;;;;;;
35479;<dist>;Анааапа;;;;;;;;;;;;;;;
35480;""">";;;;;;;;;;;;;;;;
35481;;Анапа;АНАПА;S f inan nom sg;;; Анааапа  _Анапа_  ! ;а;п;а;н;а;;S;АНАПА;S f inan nom sg;А
35482;</distinct>;;;;;;;;;;;;;;;;
35483;;!;!;PUNCT;;;;;;;;;;PUNCT;;;
35484;;;;;;;;;;;;;;;;;
35485;# sent = 2651;;;;;;;;;;;;;;;;
35486;;Первый;ПЕРВЫЙ;ANUM - acc sg plen m -;;;!   _Первый_ раз в Анапе;й;ы;в;р;е;п;A;ПЕРВЫЙ;A - nom sg plen m -;Й
35487;;раз;РАЗ;S m inan acc sg;;;  Первый _раз_ в Анапе мы;з;а;р;;;;S;РАЗ;S m inan acc sg;З
35488;;в;В;PR;;; Первый раз _в_ Анапе мы были;в;;;;;;PR;В;PR;В
35489;;Анапе;АНАПА;S f inan loc sg;;;Первый раз в _Анапе_ мы были ,;е;п;а;н;а;;S;АНАПА;S f inan loc sg;А
35490;;мы;МЫ;SPRO pl 1p - nom;;;раз в Анапе _мы_ были , когда;ы;м;;;;;SPRO;МЫ;SPRO pl 1p - nom;Ы
35491;;были;БЫТЬ;V ipf praet pl indic - -;;;в Анапе мы _были_ , когда учились;и;л;ы;б;;;V;БЫТЬ;V ipf praet pl indic - -;Ь
35492;;,;,;PUNCT;;;;;;;;;;PUNCT;;;
35493;;когда;КОГДА;CONJ;;;мы были , _когда_ учились на четвертом;а;д;г;о;к;;CONJ;КОГДА;CONJ;А
35494;;учились;УЧИТЬСЯ;V ipf praet pl indic - -;;;были , когда _учились_ на четвертом курсе;ь;с;и;л;и;ч;V;УЧИТЬСЯ;V ipf praet pl indic - -;Я
35495;;на;НА;PR;;;, когда учились _на_ четвертом курсе ,;а;н;;;;;PR;НА;PR;А
35496;;четвертом;ЧЕТВЕРТЫЙ;ANUM - loc sg plen m -;;;когда учились на _четвертом_ курсе , поехали;м;о;т;р;е;в;ANUM;ЧЕТВЕРТЫЙ;A - loc sg plen m -;Й
35497;;курсе;КУРС;S m inan loc sg;;;учились на четвертом _курсе_ , поехали в;е;с;р;у;к;;S;КУРС;S m inan loc sg;С
35498;;,;,;PUNCT;;;;;;;;;;PUNCT;;;
35499;;поехали;ПОЕХАТЬ;V pf praet pl indic - -;;;четвертом курсе , _поехали_ в сентябре -;и;л;а;х;е;о;V;ПОЕХАТЬ;V pf praet pl indic - -;Ь
35500;;в;В;PR;;;курсе , поехали _в_ сентябре - да;в;;;;;;PR;В;PR;В
35501;;сентябре;СЕНТЯБРЬ;S m inan loc sg;;;, поехали в _сентябре_ - да ,;е;р;б;я;т;н;S;СЕНТЯБРЬ;S m inan loc sg;Ь
35502;;-;-;PUNCT;;;;;;;;;;PUNCT;;;
35503;;да;ДА;CONJ;;;в сентябре - _да_ , могли себе;а;д;;;;;CONJ;ДА;CONJ;А
35504;;,;,;PUNCT;;;;;;;;;;PUNCT;;;
35505;;могли;МОЧЬ;V ipf praet pl indic - -;;;- да , _могли_ себе позволить -;и;л;г;о;м;;V;МОЧЬ;V ipf praet pl indic - -;Ь
35506;;себе;СЕБЯ;SPRO - - - dat;;;да , могли _себе_ позволить - в;е;б;е;с;;;SPRO;СЕБЯ;SPRO - - - dat;Я
35507;;позволить;ПОЗВОЛИТЬ;V pf - - inf - -;;;, могли себе _позволить_ - в преподавательску;ь;т;и;л;о;в;V;ПОЗВОЛИТЬ;V pf - - inf - -;Ь
35508;;-;-;PUNCT;;;;;;;;;;PUNCT;;;
35509;;в;В;PR;;;себе позволить - _в_ преподавательску смену .;в;;;;;;PR;В;PR;В
35510;;преподавательску;ПРЕПОДАВАТЕЛЬСКАЯ;A - acc sg plen f;distort;;позволить - в _преподавательску_ смену . ;у;к;с;ь;л;е;S;ПРЕПОДАВАТЕЛЬСК;S m inan dat sg;К
35511;;смену;СМЕНА;S f inan acc sg;;;- в преподавательску _смену_ .  ;у;н;е;м;с;;S;СМЕНА;S f inan acc sg;А
35512;;.;.;PUNCT;;;;;;;;;;PUNCT;;;
35513;;;;;;;;;;;;;;;;;
35514;# sent = 2652;;;;;;;;;;;;;;;;
35515;;Там;ТАМ;ADV -;;;.   _Там_ встретили своих преподавателей;м;а;т;;;;ADV;ТАМ;ADV -;М
35516;;встретили;ВСТРЕТИТЬ;V pf praet pl indic - -;;;  Там _встретили_ своих преподавателей ,;и;л;и;т;е;р;V;ВСТРЕТИТЬ;V pf praet pl indic - -;Ь
35517;;своих;СВОЙ;APRO - acc pl plen - anim;;; Там встретили _своих_ преподавателей , аспирантов;х;и;о;в;с;;APRO;СВОЙ;A - acc pl plen - anim;Й
35518;;преподавателей;ПРЕПОДАВАТЕЛЬ;S m anim acc pl;;;Там встретили своих _преподавателей_ , аспирантов ,;й;е;л;е;т;а;S;ПРЕПОДАВАТЕЛЬ;S m anim gen pl;Ь
35519;;,;,;PUNCT;;;;;;;;;;PUNCT;;;
35520;;аспирантов;АСПИРАНТ;S m anim acc pl;;;своих преподавателей , _аспирантов_ , и на;в;о;т;н;а;р;S;АСПИРАНТ;S m anim gen pl;Т
35521;;,;,;PUNCT;;;;;;;;;;PUNCT;;;
35522;;и;И;CONJ;;;, аспирантов , _и_ на вопрос ,;и;;;;;;CONJ;И;CONJ;И
35523;;на;НА;PR;;;аспирантов , и _на_ вопрос , а;а;н;;;;;PR;НА;PR;А
35524;;вопрос;ВОПРОС;S m inan acc sg;;;, и на _вопрос_ , а что;с;о;р;п;о;в;S;ВОПРОС;S m inan acc sg;С
35525;;,;,;PUNCT;;;;;;;;;;PUNCT;;;
35526;;а;А;CONJ;;;на вопрос , _а_ что мы здесь;а;;;;;;CONJ;А;CONJ;А
35527;;что;ЧТО;CONJ;;;вопрос , а _что_ мы здесь делаем;о;т;ч;;;;CONJ;ЧТО;CONJ;О
35528;;мы;МЫ;SPRO pl 1p - nom;;;, а что _мы_ здесь делаем ,;ы;м;;;;;SPRO;МЫ;SPRO pl 1p - nom;Ы
35529;;здесь;ЗДЕСЬ;ADV -;;;а что мы _здесь_ делаем , мы;ь;с;е;д;з;;ADV;ЗДЕСЬ;ADV -;Ь
35530;;делаем;ДЕЛАТЬ;V ipf praes pl indic - 1p;;;что мы здесь _делаем_ , мы ответили;м;е;а;л;е;д;V;ДЕЛАТЬ;V ipf praes pl indic - 1p;Ь
35531;;,;,;PUNCT;;;;;;;;;;PUNCT;;;
35532;;мы;МЫ;SPRO pl 1p - nom;;;"здесь делаем , _мы_ ответили : """;ы;м;;;;;SPRO;МЫ;SPRO pl 1p - nom;Ы
35533;;ответили;ОТВЕТИТЬ;V pf praet pl indic - -;;;"делаем , мы _ответили_ : "" Отдыхаем";и;л;и;т;е;в;V;ОТВЕТИТЬ;V pf praet pl indic - -;Ь
35534;;:;:;PUNCT;;;;;;;;;;PUNCT;;;
35535;;"""";"""";PUNCT;;;;;;;;;;PUNCT;;;
35536;;Отдыхаем;ОТДЫХАТЬ;V ipf praes pl indic - 1p;;;"ответили : "" _Отдыхаем_ ! "" .";м;е;а;х;ы;д;V;ОТДЫХАТЬ;V ipf praes pl indic - 1p;Ь
35537;;!;!;PUNCT;;;;;;;;;;PUNCT;;;
35538;;"""";"""";PUNCT;;;;;;;;;;PUNCT;;;
35539;;.;.;PUNCT;;;;;;;;;;PUNCT;;;
35540;;;;;;;;;;;;;;;;;
35541;# sent = 2653;;;;;;;;;;;;;;;;
35542;;Погода;ПОГОДА;S f inan nom sg;;;.   _Погода_ была не всегда;а;д;о;г;о;п;S;ПОГОДА;S f inan nom sg;А
35543;;была;БЫТЬ;V ipf praet sg indic f -;;;  Погода _была_ не всегда хорошая;а;л;ы;б;;;V;БЫТЬ;V ipf praet sg indic f -;Ь
35544;;не;НЕ;PART;;; Погода была _не_ всегда хорошая ,;е;н;;;;;PART;НЕ;PART;Е
35545;;всегда;ВСЕГДА;ADV -;;;Погода была не _всегда_ хорошая , поэтому;а;д;г;е;с;в;ADV;ВСЕГДА;ADV -;А
35546;;хорошая;ХОРОШИЙ;A - nom sg plen f -;;;была не всегда _хорошая_ , поэтому отдыхали;я;а;ш;о;р;о;A;ХОРОШИЙ;A - nom sg plen f -;Й
35547;;,;,;PUNCT;;;;;;;;;;PUNCT;;;
35548;;поэтому;ПОЭТОМУ;ADV -;;;всегда хорошая , _поэтому_ отдыхали мы ...;у;м;о;т;э;о;ADV;ПОЭТОМУ;ADV -;У
35549;;отдыхали;ОТДЫХАТЬ;V ipf praet pl indic - -;;;хорошая , поэтому _отдыхали_ мы ... э;и;л;а;х;ы;д;V;ОТДЫХАТЬ;V ipf praet pl indic - -;Ь
35550;;мы;МЫ;SPRO pl 1p - nom;;;, поэтому отдыхали _мы_ ... э ...;ы;м;;;;;SPRO;МЫ;SPRO pl 1p - nom;Ы
35551;;...;...;PUNCT;;;;;;;;;;PUNCT;;;
35552;;э;Э-Э;INTJ;;;отдыхали мы ... _э_ ... на море;э;;;;;;NONLEX;Э;NONLEX;Э
35553;;...;...;PUNCT;;;;;;;;;;PUNCT;;;
35554;;на;НА;PR;;;... э ... _на_ море ... в;а;н;;;;;PR;НА;PR;А
35555;;море;МОРЕ;S m inan loc sg;;;э ... на _море_ ... в общем;е;р;о;м;;;S;МОРЕ;S m inan gen sg;Е
35556;;...;...;PUNCT;;;;;;;;;;PUNCT;;;
35557;;в;В;PR;;;на море ... _в_ общем , на;в;;;;;;PR;В;PR;В
35558;;общем;ОБЩИЙ;A - loc sg plen m -;;;море ... в _общем_ , на море;м;е;щ;б;о;;A;ОБЩИЙ;A - loc sg plen m -;Й
35559;;,;,;PUNCT;;;;;;;;;;PUNCT;;;
35560;;на;НА;PR;;;в общем , _на_ море ходили редко;а;н;;;;;PR;НА;PR;А
35561;;море;МОРЕ;S n inan loc sg;;;общем , на _море_ ходили редко ,;е;р;о;м;;;S;МОРЕ;S n inan loc sg;Е
35562;;ходили;ХОДИТЬ;V ipf praet pl indic - -;;;, на море _ходили_ редко , потому что;и;л;и;д;о;х;V;ХОДИТЬ;V ipf praet pl indic - -;Ь
35563;;редко;РЕДКО;ADV -;;;на море ходили _редко_ , потому что было;о;к;д;е;р;;ADV;РЕДКО;ADV -;О
35564;;,;,;PUNCT;;;;;;;;;;PUNCT;;;
35565;;потому что;потому что;CONJ;;;ходили редко , _потому что_ было холодно ,;о;т;ч; ;у;м;CONJ;потому что;CONJ;о
35566;;было;БЫТЬ;V ipf praet sg indic n -;;;редко , потому что _было_ холодно , вот;о;л;ы;б;;;V;БЫТЬ;V ipf praet sg indic n -;Ь
35567;;холодно;ХОЛОДНО;PRAEDIC -;;;, потому что было _холодно_ , вот .;о;н;д;о;л;о;ADV;ХОЛОДНО;ADV -;О
35568;;,;,;PUNCT;;;;;;;;;;PUNCT;;;
35569;;вот;ВОТ;PART;;;было холодно , _вот_ .  ;т;о;в;;;;PART;ВОТ;PART;Т
35570;;.;.;PUNCT;;;;;;;;;;PUNCT;;;
35571;;;;;;;;;;;;;;;;;
35572;# sent = 2654;;;;;;;;;;;;;;;;
35573;;Что;ЧТО;SPRO n inan acc sg;;;.   _Что_ еще рассказать ...;о;т;ч;;;;SPRO;ЧТО;S n - nom sg;О
35574;;еще;ЕЩЕ;ADV -;;;  Что _еще_ рассказать ... ;е;щ;е;;;;ADV;ЕЩЕ;ADV -;Е
35575;;рассказать;РАССКАЗАТЬ;V pf - - inf - -;;; Что еще _рассказать_ ...  ;ь;т;а;з;а;к;V;РАССКАЗАТЬ;V pf - - inf - -;Ь
35576;;...;...;PUNCT;;;;;;;;;;PUNCT;;;
35577;;;;;;;;;;;;;;;;;
35578;# sent = 2655;;;;;;;;;;;;;;;;
35579;# speaker = Марина;;;;;;;;;;;;;;;;
35580;# sent = 2656;;;;;;;;;;;;;;;;
35581;;Ну;НУ;PART;;;   _Ну_ а в каких;у;н;;;;;PART;НУ;PART;У
35582;;а;А;CONJ;;;  Ну _а_ в каких ,;а;;;;;;CONJ;А;CONJ;А
35583;;в;В;PR;;; Ну а _в_ каких , может;в;;;;;;PR;В;PR;В
35584;;каких;КАКОЙ;APRO - loc pl plen - -;;;Ну а в _каких_ , может быть;х;и;к;а;к;;APRO;КАКОЙ;A - loc pl plen - -;Й
35585;;,;,;PUNCT;;;;;;;;;;PUNCT;;;
35586;;может;МОЧЬ;V ipf praes sg indic - 3p;;;в каких , _может_ быть , городах;т;е;ж;о;м;;V;МОЧЬ;V ipf praes sg indic - 3p;Ь
35587;;быть;БЫТЬ;V ipf - - inf - -;;;каких , может _быть_ , городах хотела;ь;т;ы;б;;;V;БЫТЬ;V ipf - - inf - -;Ь
35588;;,;,;PUNCT;;;;;;;;;;PUNCT;;;
35589;;городах;ГОРОД;S m inan loc pl;;;может быть , _городах_ хотела бы побывать;х;а;д;о;р;о;S;ГОРОД;S m inan loc pl;Д
35590;;хотела;ХОТЕТЬ;V ipf praet sg indic f -;;;быть , городах _хотела_ бы побывать ?;а;л;е;т;о;х;V;ХОТЕТЬ;V ipf praet sg indic f -;Ь
35591;;бы;БЫ;PART;;;, городах хотела _бы_ побывать ? ;ы;б;;;;;PART;БЫ;PART;Ы
35592;;побывать;ПОБЫВАТЬ;V pf - - inf - -;;;городах хотела бы _побывать_ ?  ;ь;т;а;в;ы;б;V;ПОБЫВАТЬ;V pf - - inf - -;Ь
35593;;?;?;PUNCT;;;;;;;;;;PUNCT;;;
35594;;;;;;;;;;;;;;;;;
35595;# sent = 2657;;;;;;;;;;;;;;;;
35596;# speaker = Алёна;;;;;;;;;;;;;;;;
35597;# sent = 2658;;;;;;;;;;;;;;;;
35598;;Хотела;ХОТЕТЬ;V ipf praet sg indic f -;;;   _Хотела_ бы ? ..;а;л;е;т;о;х;V;ХОТЕТЬ;V ipf praet sg indic f -;Ь
35599;;бы;БЫ;PART;;;  Хотела _бы_ ? .. ;ы;б;;;;;PART;БЫ;PART;Ы
35600;;?;?..;PUNCT;;;;;;;;;;PUNCT;;;
35601;;..;..;PUNCT;;;;;;;;;;PUNCT;;;
35602;;;;;;;;;;;;;;;;;
35603;# sent = 2659;;;;;;;;;;;;;;;;
35604;;Я;Я;SPRO sg 1p - nom;;;..   _Я_ бы хотела бы;я;;;;;;SPRO;Я;SPRO sg 1p - nom;Я
35605;;бы;БЫ;PART;;;  Я _бы_ хотела бы съездить;ы;б;;;;;PART;БЫ;PART;Ы
35606;;хотела;ХОТЕТЬ;V ipf praet sg indic f -;;; Я бы _хотела_ бы съездить на;а;л;е;т;о;х;V;ХОТЕТЬ;V ipf praet sg indic f -;Ь
35607;;бы;БЫ;PART;;;Я бы хотела _бы_ съездить на Сахалин;ы;б;;;;;PART;БЫ;PART;Ы
35608;;съездить;СЪЕЗДИТЬ;V pf - - inf - -;;;бы хотела бы _съездить_ на Сахалин .;ь;т;и;д;з;е;V;СЪЕЗДИТЬ;V pf - - inf - -;Ь
35609;;на;НА;PR;;;хотела бы съездить _на_ Сахалин . ;а;н;;;;;PR;НА;PR;А
35610;;Сахалин;САХАЛИН;S m inan acc sg;;;бы съездить на _Сахалин_ .  ;н;и;л;а;х;а;S;САХАЛИН;S m inan acc sg;Н
35611;;.;.;PUNCT;;;;;;;;;;PUNCT;;;
35612;;;;;;;;;;;;;;;;;
35613;# sent = 2660;;;;;;;;;;;;;;;;
35614;"<distinct form=""";;;;;;;;;;;;;;;;
35615;<dist>;счас;;;;;;;;;;;;;;;
35616;""">";;;;;;;;;;;;;;;;
35617;;Сейчас;СЕЙЧАС;ADV -;;; счас  _Сейчас_  , уже;с;а;ч;й;е;с;ADV;СЕЙЧАС;ADV -;С
35618;</distinct>;;;;;;;;;;;;;;;;
35619;;,;,;PUNCT;;;;;;;;;;PUNCT;;;
35620;;уже;УЖЕ;ADV -;;;Сейчас  , _уже_ будучи взрослым человеком;е;ж;у;;;;ADV;УЖЕ;ADV -;Е
35621;;будучи;БЫТЬ;V ipf praes - ger - -;;; , уже _будучи_ взрослым человеком .;и;ч;у;д;у;б;V;БЫТЬ;V ipf praes - ger - -;Ь
35622;;взрослым;ВЗРОСЛЫЙ;A - ins sg plen m -;;;, уже будучи _взрослым_ человеком . ;м;ы;л;с;о;р;A;ВЗРОСЛЫЙ;A - ins sg plen m -;Й
35623;;человеком;ЧЕЛОВЕК;S m anim ins sg;;;уже будучи взрослым _человеком_ .  ;м;о;к;е;в;о;S;ЧЕЛОВЕК;S m anim ins sg;К
35624;;.;.;PUNCT;;;;;;;;;;PUNCT;;;
35625;;;;;;;;;;;;;;;;;
35626;# sent = 2661;;;;;;;;;;;;;;;;
35627;;Я;Я;SPRO sg 1p - nom;;;.   _Я_ бы хотела съездить;я;;;;;;SPRO;Я;SPRO sg 1p - nom;Я
35628;;бы;БЫ;PART;;;  Я _бы_ хотела съездить в;ы;б;;;;;PART;БЫ;PART;Ы
35629;;хотела;ХОТЕТЬ;V ipf praet sg indic f -;;; Я бы _хотела_ съездить в Калининград;а;л;е;т;о;х;V;ХОТЕТЬ;V ipf praet sg indic f -;Ь
35630;;съездить;СЪЕЗДИТЬ;V pf - - inf - -;;;Я бы хотела _съездить_ в Калининград ,;ь;т;и;д;з;е;V;СЪЕЗДИТЬ;V pf - - inf - -;Ь
35631;;в;В;PR;;;бы хотела съездить _в_ Калининград , ;в;;;;;;PR;В;PR;В
35632;;Калининград;КАЛИНИНГРАД;S m inan acc sg;;;хотела съездить в _Калининград_ ,  вишь;д;а;р;г;н;и;S;КАЛИНИНГРАД;S m inan acc sg;Д
35633;;,;,;PUNCT;;;;;;;;;;PUNCT;;;
35634;"<distinct form=""";;;;;;;;;;;;;;;;
35635;<dist>;вишь;;;;;;;;;;;;;;;
35636;""">";;;;;;;;;;;;;;;;
35637;;видишь;ВИДЕТЬ;V ipf praes sg indic - 2p;;; вишь  _видишь_  , какой;ь;ш;и;д;и;в;V;ВИДЕТЬ;V ipf praes sg indic - 2p;Ь
35638;</distinct>;;;;;;;;;;;;;;;;
35639;;,;,;PUNCT;;;;;;;;;;PUNCT;;;
35640;;какой;КАКОЙ;APRO - nom sg plen m -;;;видишь  , _какой_ разброс : от;й;о;к;а;к;;APRO;КАКОЙ;A - nom sg plen m -;Й
35641;;разброс;РАЗБРОС;S m inan nom sg;;; , какой _разброс_ : от одного;с;о;р;б;з;а;S;РАЗБРОС;S m inan nom sg;С
35642;;:;:;PUNCT;;;;;;;;;;PUNCT;;;
35643;;от;ОТ;PR;;;какой разброс : _от_ одного до другого;т;о;;;;;PR;ОТ;PR;Т
35644;;одного;ОДИН;ANUM - gen sg plen m -;;;разброс : от _одного_ до другого побережья;о;г;о;н;д;о;ANUM;ОДИН;A - gen sg plen m -;Н
35645;;до;ДО;PR;;;: от одного _до_ другого побережья .;о;д;;;;;PR;ДО;PR;О
35646;;другого;ДРУГОЙ;APRO - gen sg plen m -;;;от одного до _другого_ побережья . ;о;г;о;г;у;р;A;ДРУГОЙ;A - gen sg plen m -;Й
35647;;побережья;ПОБЕРЕЖЬЕ;S n inan gen sg;;;одного до другого _побережья_ .  ;я;ь;ж;е;р;е;S;ПОБЕРЕЖЬЕ;S n inan gen sg;Е
35648;;.;.;PUNCT;;;;;;;;;;PUNCT;;;
35649;;;;;;;;;;;;;;;;;
35650;# sent = 2662;;;;;;;;;;;;;;;;
35651;;Наверное;НАВЕРНОЕ;PARENTH;;;.   _Наверное_ , я бы;е;о;н;р;е;в;ADV;НАВЕРНОЕ;ADV -;Е
35652;;,;,;PUNCT;;;;;;;;;;PUNCT;;;
35653;;я;Я;SPRO sg 1p - nom;;; Наверное , _я_ бы съездила на;я;;;;;;SPRO;Я;SPRO sg 1p - nom;Я
35654;;бы;БЫ;PART;;;Наверное , я _бы_ съездила на Камчатку;ы;б;;;;;PART;БЫ;PART;Ы
35655;;съездила;СЪЕЗДИТЬ;V pf praet sg indic f -;;;, я бы _съездила_ на Камчатку .;а;л;и;д;з;е;V;СЪЕЗДИТЬ;V pf praet sg indic f -;Ь
35656;;на;НА;PR;;;я бы съездила _на_ Камчатку . ;а;н;;;;;PR;НА;PR;А
35657;;Камчатку;КАМЧАТКА;S f inan acc sg;;;бы съездила на _Камчатку_ .  ;у;к;т;а;ч;м;S;КАМЧАТКА;S f inan acc sg;А
35658;;.;.;PUNCT;;;;;;;;;;PUNCT;;;
35659;;;;;;;;;;;;;;;;;
35660;# sent = 2663;;;;;;;;;;;;;;;;
35661;;А;А;PART;;;.   _А_ !  ;а;;;;;;PART;А;PART;А
35662;;!;!;PUNCT;;;;;;;;;;PUNCT;;;
35663;;;;;;;;;;;;;;;;;
35664;# sent = 2664;;;;;;;;;;;;;;;;
35665;;Еще;ЕЩЕ;ADV -;;;!   _Еще_ мне интересно было;е;щ;е;;;;ADV;ЕЩЕ;ADV -;Е
35666;;мне;Я;SPRO sg 1p - dat;;;  Еще _мне_ интересно было бы;е;н;м;;;;SPRO;Я;SPRO sg 1p - dat;Я
35667;;интересно;ИНТЕРЕСНО;PRAEDIC -;;; Еще мне _интересно_ было бы съездить;о;н;с;е;р;е;ADV;ИНТЕРЕСНО;ADV -;О
35668;;было;БЫТЬ;V ipf praet sg indic n -;;;Еще мне интересно _было_ бы съездить на;о;л;ы;б;;;V;БЫТЬ;V ipf praet sg indic n -;Ь
35669;;бы;БЫ;PART;;;мне интересно было _бы_ съездить на Алтай;ы;б;;;;;PART;БЫ;PART;Ы
35670;;съездить;СЪЕЗДИТЬ;V pf - - inf - -;;;интересно было бы _съездить_ на Алтай ,;ь;т;и;д;з;е;V;СЪЕЗДИТЬ;V pf - - inf - -;Ь
35671;;на;НА;PR;;;было бы съездить _на_ Алтай , вот;а;н;;;;;PR;НА;PR;А
35672;;Алтай;АЛТАЙ;S m inan acc sg;;;бы съездить на _Алтай_ , вот ,;й;а;т;л;а;;S;АЛТАЙ;S m inan acc sg;Й
35673;;,;,;PUNCT;;;;;;;;;;PUNCT;;;
35674;;вот;ВОТ;PART;;;на Алтай , _вот_ , очень интересно;т;о;в;;;;PART;ВОТ;PART;Т
35675;;,;,;PUNCT;;;;;;;;;;PUNCT;;;
35676;;очень;ОЧЕНЬ;ADV -;;;, вот , _очень_ интересно было бы;ь;н;е;ч;о;;ADV;ОЧЕНЬ;ADV -;Ь
35677;;интересно;ИНТЕРЕСНО;PRAEDIC -;;;вот , очень _интересно_ было бы побывать;о;н;с;е;р;е;ADV;ИНТЕРЕСНО;ADV -;О
35678;;было;БЫТЬ;V ipf praet sg indic n -;;;, очень интересно _было_ бы побывать там;о;л;ы;б;;;V;БЫТЬ;V ipf praet sg indic n -;Ь
35679;;бы;БЫ;PART;;;очень интересно было _бы_ побывать там .;ы;б;;;;;PART;БЫ;PART;Ы
35680;;побывать;ПОБЫВАТЬ;V pf - - inf - -;;;интересно было бы _побывать_ там . ;ь;т;а;в;ы;б;V;ПОБЫВАТЬ;V pf - - inf - -;Ь
35681;;там;ТАМ;ADV -;;;было бы побывать _там_ .  ;м;а;т;;;;ADV;ТАМ;ADV -;М
35682;;.;.;PUNCT;;;;;;;;;;PUNCT;;;
35683;;;;;;;;;;;;;;;;;
35684;# sent = 2665;;;;;;;;;;;;;;;;
35685;;А;А;CONJ;;;.   _А_ из стран ...;а;;;;;;CONJ;А;CONJ;А
35686;;из;ИЗ;PR;;;  А _из_ стран ... ;з;и;;;;;PR;ИЗ;PR;З
35687;;стран;СТРАНА;S f inan gen pl;;; А из _стран_ ...  ;н;а;р;т;с;;S;СТРАНА;S f inan gen pl;А
35688;;...;...;PUNCT;;;;;;;;;;PUNCT;;;
35689;;;;;;;;;;;;;;;;;
35690;# sent = 2666;;;;;;;;;;;;;;;;
35691;;Ну;НУ;PART;;;...   _Ну_ наверное , в;у;н;;;;;PART;НУ;PART;У
35692;;наверное;НАВЕРНОЕ;PARENTH;;;  Ну _наверное_ , в Италию;е;о;н;р;е;в;ADV;НАВЕРНОЕ;ADV -;Е
35693;;,;,;PUNCT;;;;;;;;;;PUNCT;;;
35694;;в;В;PR;;;Ну наверное , _в_ Италию . ;в;;;;;;PR;В;PR;В
35695;;Италию;ИТАЛИЯ;S f inan acc sg;;;наверное , в _Италию_ .  ;ю;и;л;а;т;и;S;ИТАЛИЯ;S f inan acc sg;Я
35696;;.;.;PUNCT;;;;;;;;;;PUNCT;;;
35697;;;;;;;;;;;;;;;;;
35698;# sent = 2667;;;;;;;;;;;;;;;;
35699;;Э;Э-Э;INTJ;;;.   _Э_ ... Во Францию;э;;;;;;NONLEX;Э;NONLEX;Э
35700;;...;...;PUNCT;;;;;;;;;;PUNCT;;;
35701;;Во;ВО;PR;;; Э ... _Во_ Францию ? ..;о;в;;;;;PR;ВО;PR;О
35702;;Францию;ФРАНЦИЯ;S f inan acc sg;;;Э ... Во _Францию_ ? .. ;ю;и;ц;н;а;р;S;ФРАНЦИЯ;S f inan acc sg;Я
35703;;?;?..;PUNCT;;;;;;;;;;PUNCT;;;
35704;;..;..;PUNCT;;;;;;;;;;PUNCT;;;
35705;;;;;;;;;;;;;;;;;
35706;# sent = 2668;;;;;;;;;;;;;;;;
35707;;Нет;НЕТ;PART;;;..   _Нет_ , наверное ,;т;е;н;;;;PART;НЕТ;PART;Т
35708;;,;,;PUNCT;;;;;;;;;;PUNCT;;;
35709;;наверное;НАВЕРНОЕ;ADV -;;; Нет , _наверное_ , во Францию;е;о;н;р;е;в;ADV;НАВЕРНОЕ;ADV -;Е
35710;;,;,;PUNCT;;;;;;;;;;PUNCT;;;
35711;;во;ВО;PR;;;, наверное , _во_ Францию не хочу;о;в;;;;;PR;ВО;PR;О
35712;;Францию;ФРАНЦИЯ;S f inan acc sg;;;наверное , во _Францию_ не хочу ,;ю;и;ц;н;а;р;S;ФРАНЦИЯ;S f inan acc sg;Я
35713;;не;НЕ;PART;;;, во Францию _не_ хочу , не;е;н;;;;;PART;НЕ;PART;Е
35714;;хочу;ХОТЕТЬ;V ipf praes sg indic - 1p;;;во Францию не _хочу_ , не знаю;у;ч;о;х;;;V;ХОТЕТЬ;V ipf praes sg indic - 1p;Ь
35715;;,;,;PUNCT;;;;;;;;;;PUNCT;;;
35716;;не;НЕ;PART;;;не хочу , _не_ знаю даж ...;е;н;;;;;PART;НЕ;PART;Е
35717;;знаю;ЗНАТЬ;V ipf praes sg indic - 1p;;;хочу , не _знаю_ даж ... ;ю;а;н;з;;;V;ЗНАТЬ;V ipf praes sg indic - 1p;Ь
35718;;даж;ДАЖE;PART;distort;;, не знаю _даж_ ...  ;ж;а;д;;;;PART;ДАЖ;S m inan acc sg;Ж
35719;;...;...;PUNCT;;;;;;;;;;PUNCT;;;
35720;;;;;;;;;;;;;;;;;
35721;# sent = 2669;;;;;;;;;;;;;;;;
35722;"<span class=""note"">";;;;;;;;;;;;;;;;
35723;<note>;Говорят одновременно;;;;;;;;;;;;;;;
35724;</span>;;;;;;;;;;;;;;;;
35725;;;;;;;;;;;;;;;;;
35726;# sent = 2670;;;;;;;;;;;;;;;;
35727;# speaker = Марина;;;;;;;;;;;;;;;;
35728;# sent = 2671;;;;;;;;;;;;;;;;
35729;;Почему;ПОЧЕМУ;ADV -;;;   _Почему_ ?  ;у;м;е;ч;о;п;ADV;ПОЧЕМУ;ADV -;У
35730;;?;?;PUNCT;;;;;;;;;;PUNCT;;;
35731;;;;;;;;;;;;;;;;;
35732;# sent = 2672;;;;;;;;;;;;;;;;
35733;# speaker = Алёна;;;;;;;;;;;;;;;;
35734;# sent = 2673;;;;;;;;;;;;;;;;
35735;;На;НА;PR;;;   _На_ Кипр хотела бы;а;н;;;;;PR;НА;PR;А
35736;;Кипр;КИПР;S m inan acc sg;;;  На _Кипр_ хотела бы !;р;п;и;к;;;S;КИПР;S m inan acc sg;Р
35737;;хотела;ХОТЕТЬ;V ipf praet sg indic f -;;; На Кипр _хотела_ бы ! ;а;л;е;т;о;х;V;ХОТЕТЬ;V ipf praet sg indic f -;Ь
35738;;бы;БЫ;PART;;;На Кипр хотела _бы_ !  ;ы;б;;;;;PART;БЫ;PART;Ы
35739;;!;!;PUNCT;;;;;;;;;;PUNCT;;;
35740;;;;;;;;;;;;;;;;;
35741;# sent = 2674;;;;;;;;;;;;;;;;
35742;# speaker = Марина;;;;;;;;;;;;;;;;
35743;# sent = 2675;;;;;;;;;;;;;;;;
35744;;Почему;ПОЧЕМУ;ADV -;;;   _Почему_ во Францию не;у;м;е;ч;о;п;ADV;ПОЧЕМУ;ADV -;У
35745;;во;ВО;PR;;;  Почему _во_ Францию не хочешь;о;в;;;;;PR;ВО;PR;О
35746;;Францию;ФРАНЦИЯ;S f inan acc sg;;; Почему во _Францию_ не хочешь ?;ю;и;ц;н;а;р;S;ФРАНЦИЯ;S f inan acc sg;Я
35747;;не;НЕ;PART;;;Почему во Францию _не_ хочешь ? ;е;н;;;;;PART;НЕ;PART;Е
35748;;хочешь;ХОТЕТЬ;V ipf praes sg indic - 2p;;;во Францию не _хочешь_ ?  ;ь;ш;е;ч;о;х;V;ХОТЕТЬ;V ipf praes sg indic - 2p;Ь
35749;;?;?;PUNCT;;;;;;;;;;PUNCT;;;
35750;;;;;;;;;;;;;;;;;
35751;# sent = 2676;;;;;;;;;;;;;;;;
35752;# speaker = Алёна;;;;;;;;;;;;;;;;
35753;# sent = 2677;;;;;;;;;;;;;;;;
35754;;Во;ВО;PR;;;   _Во_ Францию не хочу;о;в;;;;;PR;ВО;PR;О
35755;;Францию;ФРАНЦИЯ;S f inan acc sg;;;  Во _Францию_ не хочу ?;ю;и;ц;н;а;р;S;ФРАНЦИЯ;S f inan acc sg;Я
35756;;не;НЕ;PART;;; Во Францию _не_ хочу ? ..;е;н;;;;;PART;НЕ;PART;Е
35757;;хочу;ХОТЕТЬ;V ipf praes sg indic - 1p;;;Во Францию не _хочу_ ? .. ;у;ч;о;х;;;V;ХОТЕТЬ;V ipf praes sg indic - 1p;Ь
35758;;?;?..;PUNCT;;;;;;;;;;PUNCT;;;
35759;;..;..;PUNCT;;;;;;;;;;PUNCT;;;
35760;;;;;;;;;;;;;;;;;
35761;# sent = 2678;;;;;;;;;;;;;;;;
35762;;Не;НЕ;PART;;;..   _Не_ знаю , вот;е;н;;;;;PART;НЕ;PART;Е
35763;;знаю;ЗНАТЬ;V ipf praes sg indic - 1p;;;  Не _знаю_ , вот как-то;ю;а;н;з;;;V;ЗНАТЬ;V ipf praes sg indic - 1p;Ь
35764;;,;,;PUNCT;;;;;;;;;;PUNCT;;;
35765;;вот;ВОТ;PART;;;Не знаю , _вот_ как-то ... ;т;о;в;;;;PART;ВОТ;PART;Т
35766;;как-то;КАК-ТО;ADVPRO -;;;знаю , вот _как-то_ ...  ;о;т;-;к;а;к;ADV;КАК-ТО;ADV -;О
35767;;...;...;PUNCT;;;;;;;;;;PUNCT;;;
35768;;;;;;;;;;;;;;;;;
35769;# sent = 2679;;;;;;;;;;;;;;;;
35770;;Вот;ВОТ;PART;;;...   _Вот_ когда произношу слово;т;о;в;;;;PART;ВОТ;PART;Т
35771;;когда;КОГДА;CONJ;;;"  Вот _когда_ произношу слово """;а;д;г;о;к;;CONJ;КОГДА;CONJ;А
35772;;произношу;ПРОИЗНОСИТЬ;V ipf praes sg indic - 1p;;;" Вот когда _произношу_ слово "" Францию";у;ш;о;н;з;и;V;ПРОИЗНОСИТЬ;V ipf praes sg indic - 1p;Ь
35773;;слово;СЛОВО;S n inan acc sg;;;"Вот когда произношу _слово_ "" Францию """;о;в;о;л;с;;S;СЛОВО;S n inan nom sg;О
35774;;"""";"""";PUNCT;;;;;;;;;;PUNCT;;;
35775;;Францию;ФРАНЦИЯ;S f inan nom sg;DISTORT;;"произношу слово "" _Францию_ "" , вот";ю;и;ц;н;а;р;S;ФРАНЦИЯ;S f inan acc sg;Я
35776;;"""";"""";PUNCT;;;;;;;;;;PUNCT;;;
35777;;,;,;PUNCT;;;;;;;;;;PUNCT;;;
35778;;вот;ВОТ;PART;;;"Францию "" , _вот_ что-то не греет";т;о;в;;;;PART;ВОТ;PART;Т
35779;;что-то;ЧТО-ТО;SPRO n inan nom sg;;;""" , вот _что-то_ не греет .";о;т;-;о;т;ч;SPRO;ЧТО-ТО;S n - nom sg;О
35780;;не;НЕ;PART;;;, вот что-то _не_ греет . ;е;н;;;;;PART;НЕ;PART;Е
35781;;греет;ГРЕТЬ;V ipf praes sg indic - 3p;;;вот что-то не _греет_ .  ;т;е;е;р;г;;V;ГРЕТЬ;V ipf praes sg indic - 3p;Ь
35782;;.;.;PUNCT;;;;;;;;;;PUNCT;;;
35783;;;;;;;;;;;;;;;;;
35784;# sent = 2680;;;;;;;;;;;;;;;;
35785;"<span class=""note"">";;;;;;;;;;;;;;;;
35786;<note>;Смеется;;;;;;;;;;;;;;;
35787;</span>;;;;;;;;;;;;;;;;
35788;;Э;Э-Э;INTJ;;; Смеется  _Э_ , куда еще;э;;;;;;INTJ;Э;S - - nonflex -;Э
35789;;,;,;PUNCT;;;;;;;;;;PUNCT;;;
35790;;куда;КУДА;ADV -;;; Э , _куда_ еще ? ..;а;д;у;к;;;ADV;КУДА;ADV -;А
35791;;еще;ЕЩЕ;ADV -;;;Э , куда _еще_ ? .. ;е;щ;е;;;;ADV;ЕЩЕ;ADV -;Е
35792;;?;?..;PUNCT;;;;;;;;;;PUNCT;;;
35793;;..;..;PUNCT;;;;;;;;;;PUNCT;;;
35794;;;;;;;;;;;;;;;;;
35795;# sent = 2681;;;;;;;;;;;;;;;;
35796;;Наверное;НАВЕРНОЕ;PARENTH;;;..   _Наверное_ , в Финляндию;е;о;н;р;е;в;ADV;НАВЕРНОЕ;ADV -;Е
35797;;,;,;PUNCT;;;;;;;;;;PUNCT;;;
35798;;в;В;PR;;; Наверное , _в_ Финляндию бы съездила;в;;;;;;PR;В;PR;В
35799;;Финляндию;ФИНЛЯНДИЯ;S f inan acc sg;;;Наверное , в _Финляндию_ бы съездила зимой;ю;и;д;н;я;л;S;ФИНЛЯНДИЯ;S f inan acc sg;Я
35800;;бы;БЫ;PART;;;, в Финляндию _бы_ съездила зимой ,;ы;б;;;;;PART;БЫ;PART;Ы
35801;;съездила;СЪЕЗДИТЬ;V pf praet sg indic f -;;;в Финляндию бы _съездила_ зимой , под;а;л;и;д;з;е;V;СЪЕЗДИТЬ;V pf praet sg indic f -;Ь
35802;;зимой;ЗИМА;S f inan ins sg;;;Финляндию бы съездила _зимой_ , под Новый;й;о;м;и;з;;S;ЗИМА;S f inan ins sg;А
35803;;,;,;PUNCT;;;;;;;;;;PUNCT;;;
35804;;под;ПОД;PR;;;съездила зимой , _под_ Новый год ,;д;о;п;;;;PR;ПОД;PR;Д
35805;;Новый;НОВЫЙ;A - acc sg plen m inan;;;зимой , под _Новый_ год , вот;й;ы;в;о;н;;A;НОВЫЙ;A - acc sg plen m inan;Й
35806;;год;ГОД;S m inan acc sg;;;, под Новый _год_ , вот наверное;д;о;г;;;;S;ГОД;S m inan acc sg;Д
35807;;,;,;PUNCT;;;;;;;;;;PUNCT;;;
35808;;вот;ВОТ;PART;;;Новый год , _вот_ наверное да ,;т;о;в;;;;PART;ВОТ;PART;Т
35809;;наверное;НАВЕРНОЕ;PARENTH;;;год , вот _наверное_ да , туда;е;о;н;р;е;в;ADV;НАВЕРНОЕ;ADV -;Е
35810;;да;ДА;CONJ;;;, вот наверное _да_ , туда съездила;а;д;;;;;CONJ;ДА;CONJ;А
35811;;,;,;PUNCT;;;;;;;;;;PUNCT;;;
35812;;туда;ТУДА;ADV -;;;наверное да , _туда_ съездила бы .;а;д;у;т;;;ADV;ТУДА;ADV -;А
35813;;съездила;СЪЕЗДИТЬ;V pf praet sg indic f -;;;да , туда _съездила_ бы . ;а;л;и;д;з;е;V;СЪЕЗДИТЬ;V pf praet sg indic f -;Ь
35814;;бы;БЫ;PART;;;, туда съездила _бы_ .  ;ы;б;;;;;PART;БЫ;PART;Ы
35815;;.;.;PUNCT;;;;;;;;;;PUNCT;;;
35816;;;;;;;;;;;;;;;;;
35817;# sent = 2682;;;;;;;;;;;;;;;;
35818;;Никогда;НИКОГДА;ADV -;;;.   _Никогда_ не была в;а;д;г;о;к;и;ADV;НИКОГДА;ADV -;А
35819;;не;НЕ;PART;;;  Никогда _не_ была в Прибалтике;е;н;;;;;PART;НЕ;PART;Е
35820;;была;БЫТЬ;V ipf praet sg indic f -;;; Никогда не _была_ в Прибалтике ,;а;л;ы;б;;;V;БЫТЬ;V ipf praet sg indic f -;Ь
35821;;в;В;PR;;;Никогда не была _в_ Прибалтике , интересно;в;;;;;;PR;В;PR;В
35822;;Прибалтике;ПРИБАЛТИКА;S f inan loc sg;;;не была в _Прибалтике_ , интересно было;е;к;и;т;л;а;S;ПРИБАЛТИКА;S f inan loc sg;А
35823;;,;,;PUNCT;;;;;;;;;;PUNCT;;;
35824;;интересно;ИНТЕРЕСНО;PRAEDIC -;;;в Прибалтике , _интересно_ было бы посмотреть;о;н;с;е;р;е;ADV;ИНТЕРЕСНО;ADV -;О
35825;;было;БЫТЬ;V ipf praet sg indic n -;;;Прибалтике , интересно _было_ бы посмотреть .;о;л;ы;б;;;V;БЫТЬ;V ipf praet sg indic n -;Ь
35826;;бы;БЫ;PART;;;, интересно было _бы_ посмотреть . ;ы;б;;;;;PART;БЫ;PART;Ы
35827;;посмотреть;ПОСМОТРЕТЬ;V pf - - inf - -;;;интересно было бы _посмотреть_ .  ;ь;т;е;р;т;о;V;ПОСМОТРЕТЬ;V pf - - inf - -;Ь
35828;;.;.;PUNCT;;;;;;;;;;PUNCT;;;
35829;;;;;;;;;;;;;;;;;
35830;# sent = 2683;;;;;;;;;;;;;;;;
35831;"<distinct form=""";;;;;;;;;;;;;;;;
35832;<dist>;нууу;;;;;;;;;;;;;;;
35833;""">";;;;;;;;;;;;;;;;
35834;;Ну;НУ;PART;;; нууу  _Ну_  , Калининград;у;н;;;;;PART;НУ;PART;У
35835;</distinct>;;;;;;;;;;;;;;;;
35836;;,;,;PUNCT;;;;;;;;;;PUNCT;;;
35837;;Калининград;КАЛИНИНГРАД;S m inan nom sg;;;Ну  , _Калининград_ , я думаю;д;а;р;г;н;и;S;КАЛИНИНГРАД;S m inan acc sg;Д
35838;;,;,;PUNCT;;;;;;;;;;PUNCT;;;
35839;;я;Я;SPRO sg 1p - nom;;;, Калининград , _я_ думаю , заменит;я;;;;;;SPRO;Я;SPRO sg 1p - nom;Я
35840;;думаю;ДУМАТЬ;V ipf praes sg indic - 1p;;;Калининград , я _думаю_ , заменит все;ю;а;м;у;д;;V;ДУМАТЬ;V ipf praes sg indic - 1p;Ь
35841;;,;,;PUNCT;;;;;;;;;;PUNCT;;;
35842;;заменит;ЗАМЕНИТЬ;V pf fut sg indic - 3p;;;я думаю , _заменит_ все эти республики;т;и;н;е;м;а;V;ЗАМЕНИТЬ;V pf fut sg indic - 3p;Ь
35843;;все;ВЕСЬ;APRO - acc pl plen - inan;;;думаю , заменит _все_ эти республики вместе;е;с;в;;;;APRO;ВЕСЬ;A - acc pl plen - inan;Ь
35844;;эти;ЭТОТ;APRO - acc pl plen - inan;;;, заменит все _эти_ республики вместе взятые;и;т;э;;;;APRO;ЭТОТ;A - acc pl plen - inan;Т
35845;;республики;РЕСПУБЛИКА;S f inan acc sg pl;;;заменит все эти _республики_ вместе взятые ,;и;к;и;л;б;у;S;РЕСПУБЛИКА;S f inan gen sg;А
35846;;вместе;ВМЕСТЕ;ADV -;;;все эти республики _вместе_ взятые , я;е;т;с;е;м;в;ADV;ВМЕСТЕ;ADV -;Е
35847;;взятые;ВЗЯТЬ;PARTCP pf praet acc pl plen - pass inan;;;эти республики вместе _взятые_ , я так;е;ы;т;я;з;в;PARTCP;ВЗЯТЬ;PARTCP pf praet acc pl plen - pass inan;Ь
35848;;,;,;PUNCT;;;;;;;;;;PUNCT;;;
35849;;я;Я;SPRO sg 1p - nom;;;вместе взятые , _я_ так думаю .;я;;;;;;SPRO;Я;SPRO sg 1p - nom;Я
35850;;так;ТАК;ADVPRO -;;;взятые , я _так_ думаю . ;к;а;т;;;;ADV;ТАК;ADV -;К
35851;;думаю;ДУМАТЬ;V ipf praes sg indic - 1p;;;, я так _думаю_ .  ;ю;а;м;у;д;;V;ДУМАТЬ;V ipf praes sg indic - 1p;Ь
35852;;.;.;PUNCT;;;;;;;;;;PUNCT;;;
35853;;;;;;;;;;;;;;;;;
35854;# sent = 2684;;;;;;;;;;;;;;;;
35855;#  #;;;;;;;;;;;;;;;;
35855;#  #;;;;;;;;;;;;;;;;
35855;#  #;;;;;;;;;;;;;;;;
35855;#  #;;;;;;;;;;;;;;;;
35855;#  #;;;;;;;;;;;;;;;;
35855;#  #;;;;;;;;;;;;;;;;
35855;#  #;;;;;;;;;;;;;;;;
35855;#  #;;;;;;;;;;;;;;;;
